from,to
FAC-0001,FL-000001
FAC-0001,FL-000002
FAC-0001,FL-000003
FAC-0001,FL-000004
FAC-0001,FL-000005
FAC-0001,FL-000006
FAC-0001,FL-000007
FAC-0001,FL-000008
FAC-0001,FL-000009
FAC-0001,FL-000010
FAC-0001,FL-000011
FAC-0001,FL-000012
FAC-0001,FL-000013
FAC-0001,FL-000014
FAC-0001,FL-000015
FAC-0001,FL-000016
FAC-0001,FL-000017
FAC-0001,FL-000018
FAC-0001,FL-000019
FAC-0001,FL-000020
FAC-0002,FL-000021
FAC-0002,FL-000022
FAC-0002,FL-000023
FAC-0002,FL-000024
FAC-0002,FL-000025
FAC-0002,FL-000026
FAC-0002,FL-000027
FAC-0002,FL-000028
FAC-0002,FL-000029
FAC-0002,FL-000030
FAC-0002,FL-000031
FAC-0002,FL-000032
FAC-0002,FL-000033
FAC-0002,FL-000034
FAC-0002,FL-000035
FAC-0002,FL-000036
FAC-0002,FL-000037
FAC-0003,FL-000038
FAC-0003,FL-000039
FAC-0003,FL-000040
FAC-0003,FL-000041
FAC-0003,FL-000042
FAC-0003,FL-000043
FAC-0003,FL-000044
FAC-0003,FL-000045
FAC-0003,FL-000046
FAC-0003,FL-000047
FAC-0003,FL-000048
FAC-0003,FL-000049
FAC-0003,FL-000050
FAC-0003,FL-000051
FAC-0003,FL-000052
FAC-0003,FL-000053
FAC-0003,FL-000054
FAC-0003,FL-000055
FAC-0003,FL-000056
FAC-0003,FL-000057
FAC-0003,FL-000058
FAC-0004,FL-000059
FAC-0004,FL-000060
FAC-0004,FL-000061
FAC-0004,FL-000062
FAC-0004,FL-000063
FAC-0004,FL-000064
FAC-0004,FL-000065
FAC-0004,FL-000066
FAC-0004,FL-000067
FAC-0004,FL-000068
FAC-0004,FL-000069
FAC-0004,FL-000070
FAC-0004,FL-000071
FAC-0004,FL-000072
FAC-0004,FL-000073
FAC-0005,FL-000074
FAC-0005,FL-000075
FAC-0005,FL-000076
FAC-0005,FL-000077
FAC-0005,FL-000078
FAC-0005,FL-000079
FAC-0005,FL-000080
FAC-0005,FL-000081
FAC-0005,FL-000082
FAC-0005,FL-000083
FAC-0005,FL-000084
FAC-0005,FL-000085
FAC-0005,FL-000086
FAC-0005,FL-000087
FAC-0005,FL-000088
FAC-0005,FL-000089
FAC-0005,FL-000090
FAC-0005,FL-000091
FAC-0005,FL-000092
FAC-0005,FL-000093
FAC-0005,FL-000094
FAC-0005,FL-000095
FAC-0006,FL-000096
FAC-0006,FL-000097
FAC-0006,FL-000098
FAC-0006,FL-000099
FAC-0006,FL-000100
FAC-0006,FL-000101
FAC-0006,FL-000102
FAC-0006,FL-000103
FAC-0006,FL-000104
FAC-0006,FL-000105
FAC-0006,FL-000106
FAC-0006,FL-000107
FAC-0006,FL-000108
FAC-0006,FL-000109
FAC-0006,FL-000110
FAC-0006,FL-000111
FAC-0006,FL-000112
FAC-0006,FL-000113
FAC-0006,FL-000114
FAC-0006,FL-000115
FAC-0007,FL-000116
FAC-0007,FL-000117
FAC-0007,FL-000118
FAC-0007,FL-000119
FAC-0007,FL-000120
FAC-0007,FL-000121
FAC-0007,FL-000122
FAC-0007,FL-000123
FAC-0007,FL-000124
FAC-0007,FL-000125
FAC-0007,FL-000126
FAC-0007,FL-000127
FAC-0007,FL-000128
FAC-0007,FL-000129
FAC-0007,FL-000130
FAC-0007,FL-000131
FAC-0007,FL-000132
FAC-0007,FL-000133
FAC-0007,FL-000134
FAC-0008,FL-000135
FAC-0008,FL-000136
FAC-0008,FL-000137
FAC-0008,FL-000138
FAC-0008,FL-000139
FAC-0008,FL-000140
FAC-0008,FL-000141
FAC-0008,FL-000142
FAC-0008,FL-000143
FAC-0008,FL-000144
FAC-0008,FL-000145
FAC-0008,FL-000146
FAC-0008,FL-000147
FAC-0008,FL-000148
FAC-0008,FL-000149
FAC-0008,FL-000150
FAC-0008,FL-000151
FAC-0008,FL-000152
FAC-0008,FL-000153
FAC-0008,FL-000154
FAC-0008,FL-000155
FAC-0008,FL-000156
FAC-0008,FL-000157
FAC-0009,FL-000158
FAC-0009,FL-000159
FAC-0009,FL-000160
FAC-0009,FL-000161
FAC-0009,FL-000162
FAC-0009,FL-000163
FAC-0009,FL-000164
FAC-0009,FL-000165
FAC-0009,FL-000166
FAC-0009,FL-000167
FAC-0009,FL-000168
FAC-0009,FL-000169
FAC-0009,FL-000170
FAC-0009,FL-000171
FAC-0009,FL-000172
FAC-0009,FL-000173
FAC-0009,FL-000174
FAC-0009,FL-000175
FAC-0010,FL-000176
FAC-0010,FL-000177
FAC-0010,FL-000178
FAC-0010,FL-000179
FAC-0010,FL-000180
FAC-0010,FL-000181
FAC-0010,FL-000182
FAC-0010,FL-000183
FAC-0010,FL-000184
FAC-0010,FL-000185
FAC-0010,FL-000186
FAC-0010,FL-000187
FAC-0010,FL-000188
FAC-0010,FL-000189
FAC-0010,FL-000190
FAC-0010,FL-000191
FAC-0010,FL-000192
FAC-0011,FL-000193
FAC-0011,FL-000194
FAC-0011,FL-000195
FAC-0011,FL-000196
FAC-0011,FL-000197
FAC-0011,FL-000198
FAC-0011,FL-000199
FAC-0011,FL-000200
FAC-0011,FL-000201
FAC-0011,FL-000202
FAC-0011,FL-000203
FAC-0011,FL-000204
FAC-0011,FL-000205
FAC-0011,FL-000206
FAC-0011,FL-000207
FAC-0011,FL-000208
FAC-0012,FL-000209
FAC-0012,FL-000210
FAC-0012,FL-000211
FAC-0012,FL-000212
FAC-0012,FL-000213
FAC-0012,FL-000214
FAC-0012,FL-000215
FAC-0012,FL-000216
FAC-0012,FL-000217
FAC-0012,FL-000218
FAC-0012,FL-000219
FAC-0012,FL-000220
FAC-0012,FL-000221
FAC-0012,FL-000222
FAC-0012,FL-000223
FAC-0012,FL-000224
FAC-0012,FL-000225
FAC-0012,FL-000226
FAC-0012,FL-000227
FAC-0012,FL-000228
FAC-0012,FL-000229
FAC-0012,FL-000230
FAC-0012,FL-000231
FAC-0012,FL-000232
FAC-0012,FL-000233
FAC-0012,FL-000234
FAC-0013,FL-000235
FAC-0013,FL-000236
FAC-0013,FL-000237
FAC-0013,FL-000238
FAC-0013,FL-000239
FAC-0013,FL-000240
FAC-0013,FL-000241
FAC-0013,FL-000242
FAC-0013,FL-000243
FAC-0013,FL-000244
FAC-0013,FL-000245
FAC-0013,FL-000246
FAC-0013,FL-000247
FAC-0013,FL-000248
FAC-0013,FL-000249
FAC-0013,FL-000250
FAC-0013,FL-000251
FAC-0013,FL-000252
FAC-0013,FL-000253
FAC-0014,FL-000254
FAC-0014,FL-000255
FAC-0014,FL-000256
FAC-0014,FL-000257
FAC-0014,FL-000258
FAC-0014,FL-000259
FAC-0014,FL-000260
FAC-0014,FL-000261
FAC-0014,FL-000262
FAC-0014,FL-000263
FAC-0014,FL-000264
FAC-0014,FL-000265
FAC-0014,FL-000266
FAC-0014,FL-000267
FAC-0014,FL-000268
FAC-0014,FL-000269
FAC-0014,FL-000270
FAC-0014,FL-000271
FAC-0014,FL-000272
FAC-0014,FL-000273
FAC-0014,FL-000274
FAC-0014,FL-000275
FAC-0014,FL-000276
FAC-0014,FL-000277
FAC-0014,FL-000278
FAC-0015,FL-000279
FAC-0015,FL-000280
FAC-0015,FL-000281
FAC-0015,FL-000282
FAC-0015,FL-000283
FAC-0015,FL-000284
FAC-0015,FL-000285
FAC-0015,FL-000286
FAC-0015,FL-000287
FAC-0015,FL-000288
FAC-0015,FL-000289
FAC-0015,FL-000290
FAC-0015,FL-000291
FAC-0015,FL-000292
FAC-0015,FL-000293
FAC-0016,FL-000294
FAC-0016,FL-000295
FAC-0016,FL-000296
FAC-0016,FL-000297
FAC-0016,FL-000298
FAC-0016,FL-000299
FAC-0016,FL-000300
FAC-0016,FL-000301
FAC-0016,FL-000302
FAC-0016,FL-000303
FAC-0016,FL-000304
FAC-0016,FL-000305
FAC-0016,FL-000306
FAC-0016,FL-000307
FAC-0016,FL-000308
FAC-0016,FL-000309
FAC-0016,FL-000310
FAC-0016,FL-000311
FAC-0016,FL-000312
FAC-0016,FL-000313
FAC-0016,FL-000314
FAC-0016,FL-000315
FAC-0016,FL-000316
FAC-0016,FL-000317
FAC-0016,FL-000318
FAC-0017,FL-000319
FAC-0017,FL-000320
FAC-0017,FL-000321
FAC-0017,FL-000322
FAC-0017,FL-000323
FAC-0017,FL-000324
FAC-0017,FL-000325
FAC-0017,FL-000326
FAC-0017,FL-000327
FAC-0017,FL-000328
FAC-0017,FL-000329
FAC-0017,FL-000330
FAC-0017,FL-000331
FAC-0017,FL-000332
FAC-0017,FL-000333
FAC-0017,FL-000334
FAC-0017,FL-000335
FAC-0017,FL-000336
FAC-0017,FL-000337
FAC-0017,FL-000338
FAC-0017,FL-000339
FAC-0017,FL-000340
FAC-0017,FL-000341
FAC-0017,FL-000342
FAC-0017,FL-000343
FAC-0018,FL-000344
FAC-0018,FL-000345
FAC-0018,FL-000346
FAC-0018,FL-000347
FAC-0018,FL-000348
FAC-0018,FL-000349
FAC-0018,FL-000350
FAC-0018,FL-000351
FAC-0018,FL-000352
FAC-0018,FL-000353
FAC-0018,FL-000354
FAC-0018,FL-000355
FAC-0018,FL-000356
FAC-0018,FL-000357
FAC-0018,FL-000358
FAC-0018,FL-000359
FAC-0018,FL-000360
FAC-0018,FL-000361
FAC-0018,FL-000362
FAC-0018,FL-000363
FAC-0018,FL-000364
FAC-0018,FL-000365
FAC-0019,FL-000366
FAC-0019,FL-000367
FAC-0019,FL-000368
FAC-0019,FL-000369
FAC-0019,FL-000370
FAC-0019,FL-000371
FAC-0019,FL-000372
FAC-0019,FL-000373
FAC-0019,FL-000374
FAC-0019,FL-000375
FAC-0019,FL-000376
FAC-0019,FL-000377
FAC-0019,FL-000378
FAC-0019,FL-000379
FAC-0019,FL-000380
FAC-0019,FL-000381
FAC-0019,FL-000382
FAC-0019,FL-000383
FAC-0019,FL-000384
FAC-0019,FL-000385
FAC-0020,FL-000386
FAC-0020,FL-000387
FAC-0020,FL-000388
FAC-0020,FL-000389
FAC-0020,FL-000390
FAC-0020,FL-000391
FAC-0020,FL-000392
FAC-0020,FL-000393
FAC-0020,FL-000394
FAC-0020,FL-000395
FAC-0020,FL-000396
FAC-0020,FL-000397
FAC-0020,FL-000398
FAC-0020,FL-000399
FAC-0020,FL-000400
FAC-0020,FL-000401
FAC-0021,FL-000402
FAC-0021,FL-000403
FAC-0021,FL-000404
FAC-0021,FL-000405
FAC-0021,FL-000406
FAC-0021,FL-000407
FAC-0021,FL-000408
FAC-0021,FL-000409
FAC-0021,FL-000410
FAC-0021,FL-000411
FAC-0021,FL-000412
FAC-0021,FL-000413
FAC-0021,FL-000414
FAC-0021,FL-000415
FAC-0021,FL-000416
FAC-0021,FL-000417
FAC-0021,FL-000418
FAC-0021,FL-000419
FAC-0021,FL-000420
FAC-0021,FL-000421
FAC-0021,FL-000422
FAC-0021,FL-000423
FAC-0021,FL-000424
FAC-0022,FL-000425
FAC-0022,FL-000426
FAC-0022,FL-000427
FAC-0022,FL-000428
FAC-0022,FL-000429
FAC-0022,FL-000430
FAC-0022,FL-000431
FAC-0022,FL-000432
FAC-0022,FL-000433
FAC-0022,FL-000434
FAC-0022,FL-000435
FAC-0022,FL-000436
FAC-0022,FL-000437
FAC-0022,FL-000438
FAC-0022,FL-000439
FAC-0023,FL-000440
FAC-0023,FL-000441
FAC-0023,FL-000442
FAC-0023,FL-000443
FAC-0023,FL-000444
FAC-0023,FL-000445
FAC-0023,FL-000446
FAC-0023,FL-000447
FAC-0023,FL-000448
FAC-0023,FL-000449
FAC-0023,FL-000450
FAC-0023,FL-000451
FAC-0023,FL-000452
FAC-0023,FL-000453
FAC-0023,FL-000454
FAC-0023,FL-000455
FAC-0023,FL-000456
FAC-0023,FL-000457
FAC-0023,FL-000458
FAC-0023,FL-000459
FAC-0023,FL-000460
FAC-0023,FL-000461
FAC-0023,FL-000462
FAC-0024,FL-000463
FAC-0024,FL-000464
FAC-0024,FL-000465
FAC-0024,FL-000466
FAC-0024,FL-000467
FAC-0024,FL-000468
FAC-0024,FL-000469
FAC-0024,FL-000470
FAC-0024,FL-000471
FAC-0024,FL-000472
FAC-0024,FL-000473
FAC-0024,FL-000474
FAC-0024,FL-000475
FAC-0024,FL-000476
FAC-0024,FL-000477
FAC-0024,FL-000478
FAC-0024,FL-000479
FAC-0025,FL-000480
FAC-0025,FL-000481
FAC-0025,FL-000482
FAC-0025,FL-000483
FAC-0025,FL-000484
FAC-0025,FL-000485
FAC-0025,FL-000486
FAC-0025,FL-000487
FAC-0025,FL-000488
FAC-0025,FL-000489
FAC-0025,FL-000490
FAC-0025,FL-000491
FAC-0025,FL-000492
FAC-0025,FL-000493
FAC-0025,FL-000494
FAC-0026,FL-000495
FAC-0026,FL-000496
FAC-0026,FL-000497
FAC-0026,FL-000498
FAC-0026,FL-000499
FAC-0026,FL-000500
FAC-0026,FL-000501
FAC-0026,FL-000502
FAC-0026,FL-000503
FAC-0026,FL-000504
FAC-0026,FL-000505
FAC-0026,FL-000506
FAC-0026,FL-000507
FAC-0026,FL-000508
FAC-0026,FL-000509
FAC-0026,FL-000510
FAC-0026,FL-000511
FAC-0026,FL-000512
FAC-0026,FL-000513
FAC-0026,FL-000514
FAC-0026,FL-000515
FAC-0026,FL-000516
FAC-0026,FL-000517
FAC-0026,FL-000518
FAC-0026,FL-000519
FAC-0026,FL-000520
FAC-0027,FL-000521
FAC-0027,FL-000522
FAC-0027,FL-000523
FAC-0027,FL-000524
FAC-0027,FL-000525
FAC-0027,FL-000526
FAC-0027,FL-000527
FAC-0027,FL-000528
FAC-0027,FL-000529
FAC-0027,FL-000530
FAC-0027,FL-000531
FAC-0027,FL-000532
FAC-0027,FL-000533
FAC-0027,FL-000534
FAC-0027,FL-000535
FAC-0027,FL-000536
FAC-0027,FL-000537
FAC-0027,FL-000538
FAC-0027,FL-000539
FAC-0027,FL-000540
FAC-0027,FL-000541
FAC-0027,FL-000542
FAC-0027,FL-000543
FAC-0027,FL-000544
FAC-0027,FL-000545
FAC-0027,FL-000546
FAC-0027,FL-000547
FAC-0028,FL-000548
FAC-0028,FL-000549
FAC-0028,FL-000550
FAC-0028,FL-000551
FAC-0028,FL-000552
FAC-0028,FL-000553
FAC-0028,FL-000554
FAC-0028,FL-000555
FAC-0028,FL-000556
FAC-0028,FL-000557
FAC-0028,FL-000558
FAC-0028,FL-000559
FAC-0028,FL-000560
FAC-0028,FL-000561
FAC-0028,FL-000562
FAC-0028,FL-000563
FAC-0029,FL-000564
FAC-0029,FL-000565
FAC-0029,FL-000566
FAC-0029,FL-000567
FAC-0029,FL-000568
FAC-0029,FL-000569
FAC-0029,FL-000570
FAC-0029,FL-000571
FAC-0029,FL-000572
FAC-0029,FL-000573
FAC-0029,FL-000574
FAC-0029,FL-000575
FAC-0029,FL-000576
FAC-0029,FL-000577
FAC-0029,FL-000578
FAC-0029,FL-000579
FAC-0029,FL-000580
FAC-0029,FL-000581
FAC-0029,FL-000582
FAC-0029,FL-000583
FAC-0029,FL-000584
FAC-0029,FL-000585
FAC-0030,FL-000586
FAC-0030,FL-000587
FAC-0030,FL-000588
FAC-0030,FL-000589
FAC-0030,FL-000590
FAC-0030,FL-000591
FAC-0030,FL-000592
FAC-0030,FL-000593
FAC-0030,FL-000594
FAC-0030,FL-000595
FAC-0030,FL-000596
FAC-0030,FL-000597
FAC-0030,FL-000598
FAC-0030,FL-000599
FAC-0030,FL-000600
FAC-0030,FL-000601
FAC-0030,FL-000602
FAC-0030,FL-000603
FAC-0030,FL-000604
FAC-0030,FL-000605
FAC-0030,FL-000606
FAC-0030,FL-000607
FAC-0030,FL-000608
FAC-0030,FL-000609
FAC-0031,FL-000610
FAC-0031,FL-000611
FAC-0031,FL-000612
FAC-0031,FL-000613
FAC-0031,FL-000614
FAC-0031,FL-000615
FAC-0031,FL-000616
FAC-0031,FL-000617
FAC-0031,FL-000618
FAC-0031,FL-000619
FAC-0031,FL-000620
FAC-0031,FL-000621
FAC-0031,FL-000622
FAC-0031,FL-000623
FAC-0032,FL-000624
FAC-0032,FL-000625
FAC-0032,FL-000626
FAC-0032,FL-000627
FAC-0032,FL-000628
FAC-0032,FL-000629
FAC-0032,FL-000630
FAC-0032,FL-000631
FAC-0032,FL-000632
FAC-0032,FL-000633
FAC-0032,FL-000634
FAC-0032,FL-000635
FAC-0032,FL-000636
FAC-0032,FL-000637
FAC-0032,FL-000638
FAC-0032,FL-000639
FAC-0032,FL-000640
FAC-0032,FL-000641
FAC-0032,FL-000642
FAC-0033,FL-000643
FAC-0033,FL-000644
FAC-0033,FL-000645
FAC-0033,FL-000646
FAC-0033,FL-000647
FAC-0033,FL-000648
FAC-0033,FL-000649
FAC-0033,FL-000650
FAC-0033,FL-000651
FAC-0033,FL-000652
FAC-0033,FL-000653
FAC-0033,FL-000654
FAC-0033,FL-000655
FAC-0033,FL-000656
FAC-0033,FL-000657
FAC-0033,FL-000658
FAC-0033,FL-000659
FAC-0033,FL-000660
FAC-0033,FL-000661
FAC-0034,FL-000662
FAC-0034,FL-000663
FAC-0034,FL-000664
FAC-0034,FL-000665
FAC-0034,FL-000666
FAC-0034,FL-000667
FAC-0034,FL-000668
FAC-0034,FL-000669
FAC-0034,FL-000670
FAC-0034,FL-000671
FAC-0034,FL-000672
FAC-0034,FL-000673
FAC-0034,FL-000674
FAC-0034,FL-000675
FAC-0034,FL-000676
FAC-0034,FL-000677
FAC-0034,FL-000678
FAC-0034,FL-000679
FAC-0034,FL-000680
FAC-0035,FL-000681
FAC-0035,FL-000682
FAC-0035,FL-000683
FAC-0035,FL-000684
FAC-0035,FL-000685
FAC-0035,FL-000686
FAC-0035,FL-000687
FAC-0035,FL-000688
FAC-0035,FL-000689
FAC-0035,FL-000690
FAC-0035,FL-000691
FAC-0035,FL-000692
FAC-0035,FL-000693
FAC-0035,FL-000694
FAC-0035,FL-000695
FAC-0036,FL-000696
FAC-0036,FL-000697
FAC-0036,FL-000698
FAC-0036,FL-000699
FAC-0036,FL-000700
FAC-0036,FL-000701
FAC-0036,FL-000702
FAC-0036,FL-000703
FAC-0036,FL-000704
FAC-0036,FL-000705
FAC-0036,FL-000706
FAC-0036,FL-000707
FAC-0036,FL-000708
FAC-0036,FL-000709
FAC-0036,FL-000710
FAC-0036,FL-000711
FAC-0036,FL-000712
FAC-0036,FL-000713
FAC-0036,FL-000714
FAC-0036,FL-000715
FAC-0036,FL-000716
FAC-0036,FL-000717
FAC-0037,FL-000718
FAC-0037,FL-000719
FAC-0037,FL-000720
FAC-0037,FL-000721
FAC-0037,FL-000722
FAC-0037,FL-000723
FAC-0037,FL-000724
FAC-0037,FL-000725
FAC-0037,FL-000726
FAC-0037,FL-000727
FAC-0037,FL-000728
FAC-0037,FL-000729
FAC-0037,FL-000730
FAC-0037,FL-000731
FAC-0037,FL-000732
FAC-0037,FL-000733
FAC-0037,FL-000734
FAC-0037,FL-000735
FAC-0038,FL-000736
FAC-0038,FL-000737
FAC-0038,FL-000738
FAC-0038,FL-000739
FAC-0038,FL-000740
FAC-0038,FL-000741
FAC-0038,FL-000742
FAC-0038,FL-000743
FAC-0038,FL-000744
FAC-0038,FL-000745
FAC-0038,FL-000746
FAC-0038,FL-000747
FAC-0038,FL-000748
FAC-0038,FL-000749
FAC-0038,FL-000750
FAC-0038,FL-000751
FAC-0039,FL-000752
FAC-0039,FL-000753
FAC-0039,FL-000754
FAC-0039,FL-000755
FAC-0039,FL-000756
FAC-0039,FL-000757
FAC-0039,FL-000758
FAC-0039,FL-000759
FAC-0039,FL-000760
FAC-0039,FL-000761
FAC-0039,FL-000762
FAC-0039,FL-000763
FAC-0039,FL-000764
FAC-0039,FL-000765
FAC-0039,FL-000766
FAC-0039,FL-000767
FAC-0039,FL-000768
FAC-0039,FL-000769
FAC-0039,FL-000770
FAC-0039,FL-000771
FAC-0039,FL-000772
FAC-0039,FL-000773
FAC-0040,FL-000774
FAC-0040,FL-000775
FAC-0040,FL-000776
FAC-0040,FL-000777
FAC-0040,FL-000778
FAC-0040,FL-000779
FAC-0040,FL-000780
FAC-0040,FL-000781
FAC-0040,FL-000782
FAC-0040,FL-000783
FAC-0040,FL-000784
FAC-0040,FL-000785
FAC-0040,FL-000786
FAC-0040,FL-000787
FAC-0040,FL-000788
FAC-0040,FL-000789
FAC-0040,FL-000790
FAC-0041,FL-000791
FAC-0041,FL-000792
FAC-0041,FL-000793
FAC-0041,FL-000794
FAC-0041,FL-000795
FAC-0041,FL-000796
FAC-0041,FL-000797
FAC-0041,FL-000798
FAC-0041,FL-000799
FAC-0041,FL-000800
FAC-0041,FL-000801
FAC-0041,FL-000802
FAC-0041,FL-000803
FAC-0041,FL-000804
FAC-0041,FL-000805
FAC-0041,FL-000806
FAC-0041,FL-000807
FAC-0041,FL-000808
FAC-0041,FL-000809
FAC-0041,FL-000810
FAC-0041,FL-000811
FAC-0041,FL-000812
FAC-0041,FL-000813
FAC-0042,FL-000814
FAC-0042,FL-000815
FAC-0042,FL-000816
FAC-0042,FL-000817
FAC-0042,FL-000818
FAC-0042,FL-000819
FAC-0042,FL-000820
FAC-0042,FL-000821
FAC-0042,FL-000822
FAC-0042,FL-000823
FAC-0042,FL-000824
FAC-0042,FL-000825
FAC-0042,FL-000826
FAC-0042,FL-000827
FAC-0042,FL-000828
FAC-0042,FL-000829
FAC-0042,FL-000830
FAC-0042,FL-000831
FAC-0042,FL-000832
FAC-0043,FL-000833
FAC-0043,FL-000834
FAC-0043,FL-000835
FAC-0043,FL-000836
FAC-0043,FL-000837
FAC-0043,FL-000838
FAC-0043,FL-000839
FAC-0043,FL-000840
FAC-0043,FL-000841
FAC-0043,FL-000842
FAC-0043,FL-000843
FAC-0043,FL-000844
FAC-0043,FL-000845
FAC-0043,FL-000846
FAC-0043,FL-000847
FAC-0043,FL-000848
FAC-0043,FL-000849
FAC-0043,FL-000850
FAC-0043,FL-000851
FAC-0043,FL-000852
FAC-0043,FL-000853
FAC-0043,FL-000854
FAC-0043,FL-000855
FAC-0043,FL-000856
FAC-0043,FL-000857
FAC-0043,FL-000858
FAC-0043,FL-000859
FAC-0044,FL-000860
FAC-0044,FL-000861
FAC-0044,FL-000862
FAC-0044,FL-000863
FAC-0044,FL-000864
FAC-0044,FL-000865
FAC-0044,FL-000866
FAC-0044,FL-000867
FAC-0044,FL-000868
FAC-0044,FL-000869
FAC-0044,FL-000870
FAC-0044,FL-000871
FAC-0044,FL-000872
FAC-0044,FL-000873
FAC-0044,FL-000874
FAC-0044,FL-000875
FAC-0044,FL-000876
FAC-0044,FL-000877
FAC-0044,FL-000878
FAC-0044,FL-000879
FAC-0045,FL-000880
FAC-0045,FL-000881
FAC-0045,FL-000882
FAC-0045,FL-000883
FAC-0045,FL-000884
FAC-0045,FL-000885
FAC-0045,FL-000886
FAC-0045,FL-000887
FAC-0045,FL-000888
FAC-0045,FL-000889
FAC-0045,FL-000890
FAC-0045,FL-000891
FAC-0045,FL-000892
FAC-0045,FL-000893
FAC-0045,FL-000894
FAC-0045,FL-000895
FAC-0045,FL-000896
FAC-0045,FL-000897
FAC-0045,FL-000898
FAC-0046,FL-000899
FAC-0046,FL-000900
FAC-0046,FL-000901
FAC-0046,FL-000902
FAC-0046,FL-000903
FAC-0046,FL-000904
FAC-0046,FL-000905
FAC-0046,FL-000906
FAC-0046,FL-000907
FAC-0046,FL-000908
FAC-0046,FL-000909
FAC-0046,FL-000910
FAC-0046,FL-000911
FAC-0046,FL-000912
FAC-0046,FL-000913
FAC-0046,FL-000914
FAC-0046,FL-000915
FAC-0046,FL-000916
FAC-0046,FL-000917
FAC-0046,FL-000918
FAC-0046,FL-000919
FAC-0046,FL-000920
FAC-0046,FL-000921
FAC-0046,FL-000922
FAC-0046,FL-000923
FAC-0046,FL-000924
FAC-0047,FL-000925
FAC-0047,FL-000926
FAC-0047,FL-000927
FAC-0047,FL-000928
FAC-0047,FL-000929
FAC-0047,FL-000930
FAC-0047,FL-000931
FAC-0047,FL-000932
FAC-0047,FL-000933
FAC-0047,FL-000934
FAC-0047,FL-000935
FAC-0047,FL-000936
FAC-0047,FL-000937
FAC-0047,FL-000938
FAC-0047,FL-000939
FAC-0047,FL-000940
FAC-0048,FL-000941
FAC-0048,FL-000942
FAC-0048,FL-000943
FAC-0048,FL-000944
FAC-0048,FL-000945
FAC-0048,FL-000946
FAC-0048,FL-000947
FAC-0048,FL-000948
FAC-0048,FL-000949
FAC-0048,FL-000950
FAC-0048,FL-000951
FAC-0048,FL-000952
FAC-0048,FL-000953
FAC-0048,FL-000954
FAC-0048,FL-000955
FAC-0048,FL-000956
FAC-0048,FL-000957
FAC-0048,FL-000958
FAC-0048,FL-000959
FAC-0049,FL-000960
FAC-0049,FL-000961
FAC-0049,FL-000962
FAC-0049,FL-000963
FAC-0049,FL-000964
FAC-0049,FL-000965
FAC-0049,FL-000966
FAC-0049,FL-000967
FAC-0049,FL-000968
FAC-0049,FL-000969
FAC-0049,FL-000970
FAC-0049,FL-000971
FAC-0049,FL-000972
FAC-0049,FL-000973
FAC-0049,FL-000974
FAC-0049,FL-000975
FAC-0049,FL-000976
FAC-0049,FL-000977
FAC-0049,FL-000978
FAC-0049,FL-000979
FAC-0049,FL-000980
FAC-0049,FL-000981
FAC-0050,FL-000982
FAC-0050,FL-000983
FAC-0050,FL-000984
FAC-0050,FL-000985
FAC-0050,FL-000986
FAC-0050,FL-000987
FAC-0050,FL-000988
FAC-0050,FL-000989
FAC-0050,FL-000990
FAC-0050,FL-000991
FAC-0050,FL-000992
FAC-0050,FL-000993
FAC-0050,FL-000994
FAC-0050,FL-000995
FAC-0050,FL-000996
FAC-0050,FL-000997
FAC-0050,FL-000998
FAC-0050,FL-000999
FAC-0050,FL-001000
FAC-0050,FL-001001
FAC-0050,FL-001002
FAC-0050,FL-001003
FAC-0050,FL-001004
FAC-0050,FL-001005
FAC-0051,FL-001006
FAC-0051,FL-001007
FAC-0051,FL-001008
FAC-0051,FL-001009
FAC-0051,FL-001010
FAC-0051,FL-001011
FAC-0051,FL-001012
FAC-0051,FL-001013
FAC-0051,FL-001014
FAC-0051,FL-001015
FAC-0051,FL-001016
FAC-0051,FL-001017
FAC-0051,FL-001018
FAC-0051,FL-001019
FAC-0051,FL-001020
FAC-0051,FL-001021
FAC-0051,FL-001022
FAC-0051,FL-001023
FAC-0051,FL-001024
FAC-0051,FL-001025
FAC-0052,FL-001026
FAC-0052,FL-001027
FAC-0052,FL-001028
FAC-0052,FL-001029
FAC-0052,FL-001030
FAC-0052,FL-001031
FAC-0052,FL-001032
FAC-0052,FL-001033
FAC-0052,FL-001034
FAC-0052,FL-001035
FAC-0052,FL-001036
FAC-0052,FL-001037
FAC-0052,FL-001038
FAC-0052,FL-001039
FAC-0052,FL-001040
FAC-0052,FL-001041
FAC-0052,FL-001042
FAC-0052,FL-001043
FAC-0052,FL-001044
FAC-0052,FL-001045
FAC-0052,FL-001046
FAC-0052,FL-001047
FAC-0052,FL-001048
FAC-0052,FL-001049
FAC-0052,FL-001050
FAC-0052,FL-001051
FAC-0053,FL-001052
FAC-0053,FL-001053
FAC-0053,FL-001054
FAC-0053,FL-001055
FAC-0053,FL-001056
FAC-0053,FL-001057
FAC-0053,FL-001058
FAC-0053,FL-001059
FAC-0053,FL-001060
FAC-0053,FL-001061
FAC-0053,FL-001062
FAC-0053,FL-001063
FAC-0053,FL-001064
FAC-0053,FL-001065
FAC-0053,FL-001066
FAC-0053,FL-001067
FAC-0053,FL-001068
FAC-0053,FL-001069
FAC-0053,FL-001070
FAC-0054,FL-001071
FAC-0054,FL-001072
FAC-0054,FL-001073
FAC-0054,FL-001074
FAC-0054,FL-001075
FAC-0054,FL-001076
FAC-0054,FL-001077
FAC-0054,FL-001078
FAC-0054,FL-001079
FAC-0054,FL-001080
FAC-0054,FL-001081
FAC-0054,FL-001082
FAC-0054,FL-001083
FAC-0054,FL-001084
FAC-0054,FL-001085
FAC-0054,FL-001086
FAC-0054,FL-001087
FAC-0054,FL-001088
FAC-0054,FL-001089
FAC-0054,FL-001090
FAC-0054,FL-001091
FAC-0054,FL-001092
FAC-0054,FL-001093
FAC-0054,FL-001094
FAC-0055,FL-001095
FAC-0055,FL-001096
FAC-0055,FL-001097
FAC-0055,FL-001098
FAC-0055,FL-001099
FAC-0055,FL-001100
FAC-0055,FL-001101
FAC-0055,FL-001102
FAC-0055,FL-001103
FAC-0055,FL-001104
FAC-0055,FL-001105
FAC-0055,FL-001106
FAC-0055,FL-001107
FAC-0055,FL-001108
FAC-0055,FL-001109
FAC-0055,FL-001110
FAC-0055,FL-001111
FAC-0055,FL-001112
FAC-0055,FL-001113
FAC-0055,FL-001114
FAC-0056,FL-001115
FAC-0056,FL-001116
FAC-0056,FL-001117
FAC-0056,FL-001118
FAC-0056,FL-001119
FAC-0056,FL-001120
FAC-0056,FL-001121
FAC-0056,FL-001122
FAC-0056,FL-001123
FAC-0056,FL-001124
FAC-0056,FL-001125
FAC-0056,FL-001126
FAC-0056,FL-001127
FAC-0056,FL-001128
FAC-0056,FL-001129
FAC-0056,FL-001130
FAC-0056,FL-001131
FAC-0056,FL-001132
FAC-0056,FL-001133
FAC-0056,FL-001134
FAC-0056,FL-001135
FAC-0056,FL-001136
FAC-0057,FL-001137
FAC-0057,FL-001138
FAC-0057,FL-001139
FAC-0057,FL-001140
FAC-0057,FL-001141
FAC-0057,FL-001142
FAC-0057,FL-001143
FAC-0057,FL-001144
FAC-0057,FL-001145
FAC-0057,FL-001146
FAC-0057,FL-001147
FAC-0057,FL-001148
FAC-0057,FL-001149
FAC-0057,FL-001150
FAC-0057,FL-001151
FAC-0057,FL-001152
FAC-0057,FL-001153
FAC-0058,FL-001154
FAC-0058,FL-001155
FAC-0058,FL-001156
FAC-0058,FL-001157
FAC-0058,FL-001158
FAC-0058,FL-001159
FAC-0058,FL-001160
FAC-0058,FL-001161
FAC-0058,FL-001162
FAC-0058,FL-001163
FAC-0058,FL-001164
FAC-0058,FL-001165
FAC-0058,FL-001166
FAC-0058,FL-001167
FAC-0058,FL-001168
FAC-0058,FL-001169
FAC-0058,FL-001170
FAC-0058,FL-001171
FAC-0058,FL-001172
FAC-0058,FL-001173
FAC-0058,FL-001174
FAC-0058,FL-001175
FAC-0059,FL-001176
FAC-0059,FL-001177
FAC-0059,FL-001178
FAC-0059,FL-001179
FAC-0059,FL-001180
FAC-0059,FL-001181
FAC-0059,FL-001182
FAC-0059,FL-001183
FAC-0059,FL-001184
FAC-0059,FL-001185
FAC-0059,FL-001186
FAC-0059,FL-001187
FAC-0059,FL-001188
FAC-0059,FL-001189
FAC-0060,FL-001190
FAC-0060,FL-001191
FAC-0060,FL-001192
FAC-0060,FL-001193
FAC-0060,FL-001194
FAC-0060,FL-001195
FAC-0060,FL-001196
FAC-0060,FL-001197
FAC-0060,FL-001198
FAC-0060,FL-001199
FAC-0060,FL-001200
FAC-0060,FL-001201
FAC-0060,FL-001202
FAC-0060,FL-001203
FAC-0060,FL-001204
FAC-0060,FL-001205
FAC-0061,FL-001206
FAC-0061,FL-001207
FAC-0061,FL-001208
FAC-0061,FL-001209
FAC-0061,FL-001210
FAC-0061,FL-001211
FAC-0061,FL-001212
FAC-0061,FL-001213
FAC-0061,FL-001214
FAC-0061,FL-001215
FAC-0061,FL-001216
FAC-0061,FL-001217
FAC-0061,FL-001218
FAC-0061,FL-001219
FAC-0061,FL-001220
FAC-0061,FL-001221
FAC-0061,FL-001222
FAC-0061,FL-001223
FAC-0061,FL-001224
FAC-0061,FL-001225
FAC-0061,FL-001226
FAC-0061,FL-001227
FAC-0061,FL-001228
FAC-0061,FL-001229
FAC-0062,FL-001230
FAC-0062,FL-001231
FAC-0062,FL-001232
FAC-0062,FL-001233
FAC-0062,FL-001234
FAC-0062,FL-001235
FAC-0062,FL-001236
FAC-0062,FL-001237
FAC-0062,FL-001238
FAC-0062,FL-001239
FAC-0062,FL-001240
FAC-0062,FL-001241
FAC-0062,FL-001242
FAC-0062,FL-001243
FAC-0062,FL-001244
FAC-0062,FL-001245
FAC-0062,FL-001246
FAC-0062,FL-001247
FAC-0062,FL-001248
FAC-0062,FL-001249
FAC-0062,FL-001250
FAC-0062,FL-001251
FAC-0062,FL-001252
FAC-0062,FL-001253
FAC-0062,FL-001254
FAC-0063,FL-001255
FAC-0063,FL-001256
FAC-0063,FL-001257
FAC-0063,FL-001258
FAC-0063,FL-001259
FAC-0063,FL-001260
FAC-0063,FL-001261
FAC-0063,FL-001262
FAC-0063,FL-001263
FAC-0063,FL-001264
FAC-0063,FL-001265
FAC-0063,FL-001266
FAC-0063,FL-001267
FAC-0063,FL-001268
FAC-0063,FL-001269
FAC-0063,FL-001270
FAC-0063,FL-001271
FAC-0063,FL-001272
FAC-0063,FL-001273
FAC-0063,FL-001274
FAC-0063,FL-001275
FAC-0064,FL-001276
FAC-0064,FL-001277
FAC-0064,FL-001278
FAC-0064,FL-001279
FAC-0064,FL-001280
FAC-0064,FL-001281
FAC-0064,FL-001282
FAC-0064,FL-001283
FAC-0064,FL-001284
FAC-0064,FL-001285
FAC-0064,FL-001286
FAC-0064,FL-001287
FAC-0064,FL-001288
FAC-0064,FL-001289
FAC-0064,FL-001290
FAC-0064,FL-001291
FAC-0064,FL-001292
FAC-0064,FL-001293
FAC-0065,FL-001294
FAC-0065,FL-001295
FAC-0065,FL-001296
FAC-0065,FL-001297
FAC-0065,FL-001298
FAC-0065,FL-001299
FAC-0065,FL-001300
FAC-0065,FL-001301
FAC-0065,FL-001302
FAC-0065,FL-001303
FAC-0065,FL-001304
FAC-0065,FL-001305
FAC-0065,FL-001306
FAC-0065,FL-001307
FAC-0065,FL-001308
FAC-0065,FL-001309
FAC-0065,FL-001310
FAC-0065,FL-001311
FAC-0065,FL-001312
FAC-0066,FL-001313
FAC-0066,FL-001314
FAC-0066,FL-001315
FAC-0066,FL-001316
FAC-0066,FL-001317
FAC-0066,FL-001318
FAC-0066,FL-001319
FAC-0066,FL-001320
FAC-0066,FL-001321
FAC-0066,FL-001322
FAC-0066,FL-001323
FAC-0066,FL-001324
FAC-0066,FL-001325
FAC-0066,FL-001326
FAC-0066,FL-001327
FAC-0066,FL-001328
FAC-0066,FL-001329
FAC-0067,FL-001330
FAC-0067,FL-001331
FAC-0067,FL-001332
FAC-0067,FL-001333
FAC-0067,FL-001334
FAC-0067,FL-001335
FAC-0067,FL-001336
FAC-0067,FL-001337
FAC-0067,FL-001338
FAC-0067,FL-001339
FAC-0067,FL-001340
FAC-0067,FL-001341
FAC-0067,FL-001342
FAC-0067,FL-001343
FAC-0067,FL-001344
FAC-0067,FL-001345
FAC-0067,FL-001346
FAC-0067,FL-001347
FAC-0067,FL-001348
FAC-0067,FL-001349
FAC-0067,FL-001350
FAC-0068,FL-001351
FAC-0068,FL-001352
FAC-0068,FL-001353
FAC-0068,FL-001354
FAC-0068,FL-001355
FAC-0068,FL-001356
FAC-0068,FL-001357
FAC-0068,FL-001358
FAC-0068,FL-001359
FAC-0068,FL-001360
FAC-0068,FL-001361
FAC-0068,FL-001362
FAC-0068,FL-001363
FAC-0068,FL-001364
FAC-0068,FL-001365
FAC-0068,FL-001366
FAC-0068,FL-001367
FAC-0068,FL-001368
FAC-0068,FL-001369
FAC-0068,FL-001370
FAC-0068,FL-001371
FAC-0069,FL-001372
FAC-0069,FL-001373
FAC-0069,FL-001374
FAC-0069,FL-001375
FAC-0069,FL-001376
FAC-0069,FL-001377
FAC-0069,FL-001378
FAC-0069,FL-001379
FAC-0069,FL-001380
FAC-0069,FL-001381
FAC-0069,FL-001382
FAC-0069,FL-001383
FAC-0069,FL-001384
FAC-0069,FL-001385
FAC-0069,FL-001386
FAC-0069,FL-001387
FAC-0070,FL-001388
FAC-0070,FL-001389
FAC-0070,FL-001390
FAC-0070,FL-001391
FAC-0070,FL-001392
FAC-0070,FL-001393
FAC-0070,FL-001394
FAC-0070,FL-001395
FAC-0070,FL-001396
FAC-0070,FL-001397
FAC-0070,FL-001398
FAC-0070,FL-001399
FAC-0070,FL-001400
FAC-0070,FL-001401
FAC-0070,FL-001402
FAC-0071,FL-001403
FAC-0071,FL-001404
FAC-0071,FL-001405
FAC-0071,FL-001406
FAC-0071,FL-001407
FAC-0071,FL-001408
FAC-0071,FL-001409
FAC-0071,FL-001410
FAC-0071,FL-001411
FAC-0071,FL-001412
FAC-0071,FL-001413
FAC-0071,FL-001414
FAC-0071,FL-001415
FAC-0071,FL-001416
FAC-0071,FL-001417
FAC-0072,FL-001418
FAC-0072,FL-001419
FAC-0072,FL-001420
FAC-0072,FL-001421
FAC-0072,FL-001422
FAC-0072,FL-001423
FAC-0072,FL-001424
FAC-0072,FL-001425
FAC-0072,FL-001426
FAC-0072,FL-001427
FAC-0072,FL-001428
FAC-0072,FL-001429
FAC-0072,FL-001430
FAC-0072,FL-001431
FAC-0072,FL-001432
FAC-0072,FL-001433
FAC-0072,FL-001434
FAC-0073,FL-001435
FAC-0073,FL-001436
FAC-0073,FL-001437
FAC-0073,FL-001438
FAC-0073,FL-001439
FAC-0073,FL-001440
FAC-0073,FL-001441
FAC-0073,FL-001442
FAC-0073,FL-001443
FAC-0073,FL-001444
FAC-0073,FL-001445
FAC-0073,FL-001446
FAC-0073,FL-001447
FAC-0073,FL-001448
FAC-0073,FL-001449
FAC-0073,FL-001450
FAC-0074,FL-001451
FAC-0074,FL-001452
FAC-0074,FL-001453
FAC-0074,FL-001454
FAC-0074,FL-001455
FAC-0074,FL-001456
FAC-0074,FL-001457
FAC-0074,FL-001458
FAC-0074,FL-001459
FAC-0074,FL-001460
FAC-0074,FL-001461
FAC-0074,FL-001462
FAC-0074,FL-001463
FAC-0075,FL-001464
FAC-0075,FL-001465
FAC-0075,FL-001466
FAC-0075,FL-001467
FAC-0075,FL-001468
FAC-0075,FL-001469
FAC-0075,FL-001470
FAC-0075,FL-001471
FAC-0075,FL-001472
FAC-0075,FL-001473
FAC-0075,FL-001474
FAC-0075,FL-001475
FAC-0075,FL-001476
FAC-0075,FL-001477
FAC-0075,FL-001478
FAC-0075,FL-001479
FAC-0075,FL-001480
FAC-0075,FL-001481
FAC-0075,FL-001482
FAC-0075,FL-001483
FAC-0075,FL-001484
FAC-0075,FL-001485
FAC-0075,FL-001486
FAC-0075,FL-001487
FAC-0076,FL-001488
FAC-0076,FL-001489
FAC-0076,FL-001490
FAC-0076,FL-001491
FAC-0076,FL-001492
FAC-0076,FL-001493
FAC-0076,FL-001494
FAC-0076,FL-001495
FAC-0076,FL-001496
FAC-0076,FL-001497
FAC-0076,FL-001498
FAC-0076,FL-001499
FAC-0076,FL-001500
FAC-0076,FL-001501
FAC-0076,FL-001502
FAC-0076,FL-001503
FAC-0076,FL-001504
FAC-0076,FL-001505
FAC-0076,FL-001506
FAC-0076,FL-001507
FAC-0076,FL-001508
FAC-0077,FL-001509
FAC-0077,FL-001510
FAC-0077,FL-001511
FAC-0077,FL-001512
FAC-0077,FL-001513
FAC-0077,FL-001514
FAC-0077,FL-001515
FAC-0077,FL-001516
FAC-0077,FL-001517
FAC-0077,FL-001518
FAC-0077,FL-001519
FAC-0077,FL-001520
FAC-0077,FL-001521
FAC-0077,FL-001522
FAC-0077,FL-001523
FAC-0077,FL-001524
FAC-0077,FL-001525
FAC-0077,FL-001526
FAC-0077,FL-001527
FAC-0077,FL-001528
FAC-0077,FL-001529
FAC-0077,FL-001530
FAC-0077,FL-001531
FAC-0077,FL-001532
FAC-0077,FL-001533
FAC-0077,FL-001534
FAC-0078,FL-001535
FAC-0078,FL-001536
FAC-0078,FL-001537
FAC-0078,FL-001538
FAC-0078,FL-001539
FAC-0078,FL-001540
FAC-0078,FL-001541
FAC-0078,FL-001542
FAC-0078,FL-001543
FAC-0078,FL-001544
FAC-0078,FL-001545
FAC-0078,FL-001546
FAC-0078,FL-001547
FAC-0078,FL-001548
FAC-0078,FL-001549
FAC-0078,FL-001550
FAC-0078,FL-001551
FAC-0078,FL-001552
FAC-0078,FL-001553
FAC-0079,FL-001554
FAC-0079,FL-001555
FAC-0079,FL-001556
FAC-0079,FL-001557
FAC-0079,FL-001558
FAC-0079,FL-001559
FAC-0079,FL-001560
FAC-0079,FL-001561
FAC-0079,FL-001562
FAC-0079,FL-001563
FAC-0079,FL-001564
FAC-0079,FL-001565
FAC-0079,FL-001566
FAC-0079,FL-001567
FAC-0079,FL-001568
FAC-0079,FL-001569
FAC-0079,FL-001570
FAC-0079,FL-001571
FAC-0079,FL-001572
FAC-0079,FL-001573
FAC-0079,FL-001574
FAC-0080,FL-001575
FAC-0080,FL-001576
FAC-0080,FL-001577
FAC-0080,FL-001578
FAC-0080,FL-001579
FAC-0080,FL-001580
FAC-0080,FL-001581
FAC-0080,FL-001582
FAC-0080,FL-001583
FAC-0080,FL-001584
FAC-0080,FL-001585
FAC-0080,FL-001586
FAC-0080,FL-001587
FAC-0080,FL-001588
FAC-0080,FL-001589
FAC-0080,FL-001590
FAC-0080,FL-001591
FAC-0080,FL-001592
FAC-0081,FL-001593
FAC-0081,FL-001594
FAC-0081,FL-001595
FAC-0081,FL-001596
FAC-0081,FL-001597
FAC-0081,FL-001598
FAC-0081,FL-001599
FAC-0081,FL-001600
FAC-0081,FL-001601
FAC-0081,FL-001602
FAC-0081,FL-001603
FAC-0081,FL-001604
FAC-0081,FL-001605
FAC-0081,FL-001606
FAC-0081,FL-001607
FAC-0081,FL-001608
FAC-0081,FL-001609
FAC-0082,FL-001610
FAC-0082,FL-001611
FAC-0082,FL-001612
FAC-0082,FL-001613
FAC-0082,FL-001614
FAC-0082,FL-001615
FAC-0082,FL-001616
FAC-0082,FL-001617
FAC-0082,FL-001618
FAC-0082,FL-001619
FAC-0082,FL-001620
FAC-0082,FL-001621
FAC-0082,FL-001622
FAC-0082,FL-001623
FAC-0082,FL-001624
FAC-0082,FL-001625
FAC-0082,FL-001626
FAC-0082,FL-001627
FAC-0082,FL-001628
FAC-0082,FL-001629
FAC-0082,FL-001630
FAC-0082,FL-001631
FAC-0082,FL-001632
FAC-0082,FL-001633
FAC-0082,FL-001634
FAC-0082,FL-001635
FAC-0082,FL-001636
FAC-0082,FL-001637
FAC-0083,FL-001638
FAC-0083,FL-001639
FAC-0083,FL-001640
FAC-0083,FL-001641
FAC-0083,FL-001642
FAC-0083,FL-001643
FAC-0083,FL-001644
FAC-0083,FL-001645
FAC-0083,FL-001646
FAC-0083,FL-001647
FAC-0083,FL-001648
FAC-0083,FL-001649
FAC-0083,FL-001650
FAC-0083,FL-001651
FAC-0083,FL-001652
FAC-0083,FL-001653
FAC-0083,FL-001654
FAC-0083,FL-001655
FAC-0083,FL-001656
FAC-0083,FL-001657
FAC-0083,FL-001658
FAC-0084,FL-001659
FAC-0084,FL-001660
FAC-0084,FL-001661
FAC-0084,FL-001662
FAC-0084,FL-001663
FAC-0084,FL-001664
FAC-0084,FL-001665
FAC-0084,FL-001666
FAC-0084,FL-001667
FAC-0084,FL-001668
FAC-0084,FL-001669
FAC-0084,FL-001670
FAC-0084,FL-001671
FAC-0084,FL-001672
FAC-0084,FL-001673
FAC-0084,FL-001674
FAC-0084,FL-001675
FAC-0084,FL-001676
FAC-0084,FL-001677
FAC-0084,FL-001678
FAC-0084,FL-001679
FAC-0084,FL-001680
FAC-0084,FL-001681
FAC-0084,FL-001682
FAC-0084,FL-001683
FAC-0084,FL-001684
FAC-0085,FL-001685
FAC-0085,FL-001686
FAC-0085,FL-001687
FAC-0085,FL-001688
FAC-0085,FL-001689
FAC-0085,FL-001690
FAC-0085,FL-001691
FAC-0085,FL-001692
FAC-0085,FL-001693
FAC-0085,FL-001694
FAC-0085,FL-001695
FAC-0085,FL-001696
FAC-0085,FL-001697
FAC-0085,FL-001698
FAC-0085,FL-001699
FAC-0085,FL-001700
FAC-0085,FL-001701
FAC-0085,FL-001702
FAC-0085,FL-001703
FAC-0086,FL-001704
FAC-0086,FL-001705
FAC-0086,FL-001706
FAC-0086,FL-001707
FAC-0086,FL-001708
FAC-0086,FL-001709
FAC-0086,FL-001710
FAC-0086,FL-001711
FAC-0086,FL-001712
FAC-0086,FL-001713
FAC-0086,FL-001714
FAC-0086,FL-001715
FAC-0086,FL-001716
FAC-0086,FL-001717
FAC-0086,FL-001718
FAC-0086,FL-001719
FAC-0086,FL-001720
FAC-0086,FL-001721
FAC-0086,FL-001722
FAC-0086,FL-001723
FAC-0087,FL-001724
FAC-0087,FL-001725
FAC-0087,FL-001726
FAC-0087,FL-001727
FAC-0087,FL-001728
FAC-0087,FL-001729
FAC-0087,FL-001730
FAC-0087,FL-001731
FAC-0087,FL-001732
FAC-0087,FL-001733
FAC-0087,FL-001734
FAC-0087,FL-001735
FAC-0087,FL-001736
FAC-0087,FL-001737
FAC-0087,FL-001738
FAC-0087,FL-001739
FAC-0087,FL-001740
FAC-0087,FL-001741
FAC-0087,FL-001742
FAC-0087,FL-001743
FAC-0087,FL-001744
FAC-0088,FL-001745
FAC-0088,FL-001746
FAC-0088,FL-001747
FAC-0088,FL-001748
FAC-0088,FL-001749
FAC-0088,FL-001750
FAC-0088,FL-001751
FAC-0088,FL-001752
FAC-0088,FL-001753
FAC-0088,FL-001754
FAC-0088,FL-001755
FAC-0088,FL-001756
FAC-0088,FL-001757
FAC-0088,FL-001758
FAC-0088,FL-001759
FAC-0088,FL-001760
FAC-0089,FL-001761
FAC-0089,FL-001762
FAC-0089,FL-001763
FAC-0089,FL-001764
FAC-0089,FL-001765
FAC-0089,FL-001766
FAC-0089,FL-001767
FAC-0089,FL-001768
FAC-0089,FL-001769
FAC-0089,FL-001770
FAC-0089,FL-001771
FAC-0089,FL-001772
FAC-0089,FL-001773
FAC-0089,FL-001774
FAC-0089,FL-001775
FAC-0089,FL-001776
FAC-0089,FL-001777
FAC-0090,FL-001778
FAC-0090,FL-001779
FAC-0090,FL-001780
FAC-0090,FL-001781
FAC-0090,FL-001782
FAC-0090,FL-001783
FAC-0090,FL-001784
FAC-0090,FL-001785
FAC-0090,FL-001786
FAC-0090,FL-001787
FAC-0090,FL-001788
FAC-0090,FL-001789
FAC-0090,FL-001790
FAC-0090,FL-001791
FAC-0090,FL-001792
FAC-0090,FL-001793
FAC-0090,FL-001794
FAC-0090,FL-001795
FAC-0090,FL-001796
FAC-0090,FL-001797
FAC-0090,FL-001798
FAC-0090,FL-001799
FAC-0090,FL-001800
FAC-0090,FL-001801
FAC-0090,FL-001802
FAC-0090,FL-001803
FAC-0090,FL-001804
FAC-0091,FL-001805
FAC-0091,FL-001806
FAC-0091,FL-001807
FAC-0091,FL-001808
FAC-0091,FL-001809
FAC-0091,FL-001810
FAC-0091,FL-001811
FAC-0091,FL-001812
FAC-0091,FL-001813
FAC-0091,FL-001814
FAC-0091,FL-001815
FAC-0091,FL-001816
FAC-0091,FL-001817
FAC-0091,FL-001818
FAC-0091,FL-001819
FAC-0091,FL-001820
FAC-0091,FL-001821
FAC-0092,FL-001822
FAC-0092,FL-001823
FAC-0092,FL-001824
FAC-0092,FL-001825
FAC-0092,FL-001826
FAC-0092,FL-001827
FAC-0092,FL-001828
FAC-0092,FL-001829
FAC-0092,FL-001830
FAC-0092,FL-001831
FAC-0092,FL-001832
FAC-0092,FL-001833
FAC-0092,FL-001834
FAC-0092,FL-001835
FAC-0092,FL-001836
FAC-0092,FL-001837
FAC-0092,FL-001838
FAC-0092,FL-001839
FAC-0092,FL-001840
FAC-0092,FL-001841
FAC-0092,FL-001842
FAC-0092,FL-001843
FAC-0092,FL-001844
FAC-0093,FL-001845
FAC-0093,FL-001846
FAC-0093,FL-001847
FAC-0093,FL-001848
FAC-0093,FL-001849
FAC-0093,FL-001850
FAC-0093,FL-001851
FAC-0093,FL-001852
FAC-0093,FL-001853
FAC-0093,FL-001854
FAC-0093,FL-001855
FAC-0093,FL-001856
FAC-0093,FL-001857
FAC-0093,FL-001858
FAC-0093,FL-001859
FAC-0093,FL-001860
FAC-0093,FL-001861
FAC-0093,FL-001862
FAC-0093,FL-001863
FAC-0093,FL-001864
FAC-0093,FL-001865
FAC-0093,FL-001866
FAC-0093,FL-001867
FAC-0094,FL-001868
FAC-0094,FL-001869
FAC-0094,FL-001870
FAC-0094,FL-001871
FAC-0094,FL-001872
FAC-0094,FL-001873
FAC-0094,FL-001874
FAC-0094,FL-001875
FAC-0094,FL-001876
FAC-0094,FL-001877
FAC-0094,FL-001878
FAC-0094,FL-001879
FAC-0094,FL-001880
FAC-0094,FL-001881
FAC-0094,FL-001882
FAC-0094,FL-001883
FAC-0095,FL-001884
FAC-0095,FL-001885
FAC-0095,FL-001886
FAC-0095,FL-001887
FAC-0095,FL-001888
FAC-0095,FL-001889
FAC-0095,FL-001890
FAC-0095,FL-001891
FAC-0095,FL-001892
FAC-0095,FL-001893
FAC-0095,FL-001894
FAC-0095,FL-001895
FAC-0095,FL-001896
FAC-0095,FL-001897
FAC-0095,FL-001898
FAC-0095,FL-001899
FAC-0095,FL-001900
FAC-0095,FL-001901
FAC-0095,FL-001902
FAC-0095,FL-001903
FAC-0095,FL-001904
FAC-0095,FL-001905
FAC-0096,FL-001906
FAC-0096,FL-001907
FAC-0096,FL-001908
FAC-0096,FL-001909
FAC-0096,FL-001910
FAC-0096,FL-001911
FAC-0096,FL-001912
FAC-0096,FL-001913
FAC-0096,FL-001914
FAC-0096,FL-001915
FAC-0096,FL-001916
FAC-0096,FL-001917
FAC-0096,FL-001918
FAC-0096,FL-001919
FAC-0096,FL-001920
FAC-0096,FL-001921
FAC-0096,FL-001922
FAC-0096,FL-001923
FAC-0096,FL-001924
FAC-0096,FL-001925
FAC-0096,FL-001926
FAC-0096,FL-001927
FAC-0096,FL-001928
FAC-0096,FL-001929
FAC-0096,FL-001930
FAC-0096,FL-001931
FAC-0096,FL-001932
FAC-0096,FL-001933
