from,to,revampDate
LT-10595,LT-32761,2023-07-26
E-11461,E-24729,2022-12-21
XV-19525,XV-39414,2020-09-10
XV-4925,XV-22859,2020-03-11
V-40021,V-2444,2021-11-04
V-37192,V-26577,2025-01-02
COL-15449,COL-8446,2020-07-26
TT-26055,TT-34247,2025-11-29
V-9712,V-26777,2020-01-25
PT-22802,PT-12528,2021-09-02
PT-13266,PT-19653,2022-10-03
COL-14475,COL-5658,2021-04-30
PT-22134,PT-9439,2023-01-24
PSV-22410,PSV-3489,2020-12-02
V-20383,V-30530,2022-05-19
LT-9240,LT-29518,2020-04-18
FT-37473,FT-25647,2022-10-04
PT-23394,PT-31771,2022-06-15
K-17087,K-8537,2024-05-07
PT-19413,PT-28101,2023-07-08
TT-33902,TT-13614,2022-08-27
TT-25234,TT-31635,2022-11-25
FT-34,FT-23372,2021-03-28
LT-14761,LT-401,2020-06-03
K-12477,K-25665,2022-10-03
COL-20462,COL-23088,2025-11-04
P-35239,P-18099,2025-11-21
LT-1612,LT-38712,2023-08-27
K-7329,K-16439,2023-03-23
K-25211,K-9339,2021-07-05
E-1598,E-18827,2021-07-24
PSV-38403,PSV-37388,2025-03-03
E-26468,E-31161,2020-12-31
PSV-26974,PSV-8058,2020-11-04
P-1630,P-39249,2022-12-27
P-12694,P-26551,2022-04-06
P-34245,P-3641,2022-04-10
K-15093,K-35840,2024-05-24
P-6915,P-15874,2023-06-25
K-24053,K-9648,2022-08-13
FT-35100,FT-24620,2020-10-27
P-35254,P-22877,2022-05-06
FCV-17681,FCV-8931,2022-05-14
TT-10594,TT-37242,2020-09-02
K-16895,K-20340,2025-05-08
V-10403,V-31794,2024-10-29
P-25397,P-4948,2023-11-06
E-24215,E-23576,2020-03-23
PT-39951,PT-38310,2022-01-14
PSV-6527,PSV-14567,2025-08-10
E-36460,E-36349,2024-03-13
V-29399,V-26711,2025-01-01
TT-15846,TT-10716,2025-04-18
PT-31247,PT-7622,2023-01-03
PT-26071,PT-11538,2022-03-15
LT-30077,LT-13519,2023-07-15
P-15583,P-24061,2024-12-26
PSV-31964,PSV-27399,2021-04-04
P-22449,P-14387,2020-10-19
PT-32387,PT-30121,2023-12-14
V-30203,V-27465,2025-12-19
PSV-9450,PSV-8499,2022-12-12
FT-23473,FT-38122,2025-09-29
V-6662,V-9327,2025-05-18
XV-14371,XV-14874,2020-04-20
K-27729,K-23596,2024-01-19
P-3439,P-24309,2022-09-10
TT-12225,TT-17305,2020-08-25
LT-18833,LT-34243,2021-11-28
V-19327,V-1079,2022-09-18
COL-18633,COL-23956,2023-11-08
LT-21623,LT-7029,2022-08-14
TT-4900,TT-10778,2025-09-24
FCV-29731,FCV-22706,2022-03-25
PT-3515,PT-39060,2021-09-02
TT-36148,TT-222,2020-05-22
K-25589,K-38542,2022-08-11
COL-19119,COL-25383,2022-09-05
P-2350,P-19639,2024-09-06
E-8300,E-803,2024-10-10
P-11134,P-2290,2022-11-25
COL-29700,COL-11116,2022-01-07
FT-38742,FT-33612,2021-10-08
E-36643,E-15352,2021-06-01
COL-33849,COL-6559,2021-08-05
FT-29304,FT-30971,2025-10-23
E-9120,E-30822,2020-09-20
E-5383,E-3761,2022-10-29
COL-20733,COL-4714,2020-08-24
PSV-37468,PSV-34111,2021-03-04
COL-32969,COL-36410,2021-10-29
E-15109,E-14603,2024-07-14
K-2686,K-27698,2022-10-17
FT-28729,FT-10816,2020-05-27
FCV-36536,FCV-1500,2022-11-10
TT-19754,TT-16358,2020-11-16
P-6410,P-35340,2024-02-10
V-28226,V-308,2020-01-30
FT-1010,FT-6707,2022-05-26
TT-29493,TT-30539,2021-04-28
P-1722,P-31226,2023-01-09
FT-30980,FT-8138,2025-09-30
LT-12296,LT-4791,2021-12-24
COL-34269,COL-8812,2025-05-23
LT-17787,LT-9442,2021-09-18
FT-8452,FT-6178,2021-08-26
COL-30969,COL-4111,2023-02-27
FCV-22453,FCV-9412,2024-02-28
FCV-150,FCV-9232,2020-06-01
P-9863,P-9593,2021-09-01
FT-29779,FT-11534,2021-07-30
PSV-10192,PSV-27243,2023-06-19
FT-25493,FT-69,2021-04-10
XV-2383,XV-15392,2021-06-19
COL-37607,COL-27916,2023-12-12
COL-19871,COL-37123,2020-04-15
LT-24862,LT-3849,2023-12-07
FT-29304,FT-11443,2024-12-23
TT-5119,TT-4975,2024-03-29
PSV-26783,PSV-28877,2024-10-21
TT-7389,TT-7551,2025-07-07
FCV-25454,FCV-20359,2023-04-09
COL-23660,COL-9008,2020-06-25
FCV-29532,FCV-27353,2023-04-02
E-31950,E-25398,2022-03-20
PT-3109,PT-37455,2023-10-22
FCV-13086,FCV-14685,2024-03-18
PSV-27960,PSV-5419,2023-09-21
K-10335,K-33873,2022-03-31
FCV-23373,FCV-6775,2022-11-18
V-1332,V-3299,2021-02-12
E-19568,E-13621,2025-05-09
P-35803,P-32277,2020-11-08
COL-246,COL-5927,2023-02-28
LT-32598,LT-4143,2022-11-16
LT-2539,LT-37040,2021-12-09
K-4518,K-2251,2022-02-04
PT-14007,PT-38463,2020-04-09
XV-34802,XV-20784,2021-05-18
P-1740,P-17692,2023-10-28
PSV-15360,PSV-5680,2021-03-04
TT-31251,TT-23839,2022-07-10
LT-23632,LT-21484,2022-07-24
FT-10372,FT-11963,2021-01-02
TT-5442,TT-8809,2024-02-02
LT-30929,LT-13287,2021-08-25
P-3075,P-6278,2022-02-26
COL-16970,COL-20167,2024-08-16
PT-6992,PT-4682,2021-01-13
K-14760,K-19965,2020-05-21
LT-147,LT-30164,2025-04-05
P-4685,P-13104,2024-08-08
FT-11494,FT-27620,2024-08-27
FCV-27118,FCV-28012,2023-08-24
XV-39618,XV-27488,2025-11-08
XV-16657,XV-18596,2020-12-03
P-35997,P-931,2024-04-14
P-27740,P-6151,2023-08-26
XV-25257,XV-34415,2024-06-20
P-14703,P-35904,2020-03-23
PT-27009,PT-2885,2022-03-18
P-32480,P-28187,2020-12-16
K-549,K-12510,2025-03-10
XV-15392,XV-2805,2025-07-30
P-7997,P-28718,2020-04-01
E-19990,E-6883,2022-06-25
K-15944,K-34618,2020-05-07
PSV-36092,PSV-20186,2020-03-10
LT-38741,LT-5910,2024-01-05
FT-28679,FT-29215,2022-02-27
K-5474,K-14364,2022-10-06
LT-23632,LT-16204,2025-07-02
K-35933,K-26936,2023-08-10
TT-917,TT-10909,2021-03-12
PT-17231,PT-37563,2024-12-19
E-24559,E-16865,2020-01-15
TT-4430,TT-6024,2023-01-03
FT-4444,FT-28202,2024-10-01
E-34391,E-19990,2023-08-21
K-12646,K-5683,2020-12-08
K-18899,K-34270,2020-02-05
V-16624,V-28737,2025-04-03
K-36601,K-38847,2025-10-20
TT-6054,TT-27678,2025-10-18
K-34273,K-5601,2024-03-17
V-13740,V-26234,2024-06-09
PT-23250,PT-2579,2022-01-29
FCV-33445,FCV-20471,2024-10-04
PT-18316,PT-8191,2022-03-29
V-13176,V-30448,2022-04-09
P-20677,P-20741,2023-06-04
LT-19237,LT-38949,2020-08-04
FT-30264,FT-17659,2020-04-14
PSV-39328,PSV-29242,2021-11-27
TT-36078,TT-17972,2022-06-20
V-23843,V-6772,2021-09-25
FT-8622,FT-22107,2022-07-12
FT-39201,FT-28457,2025-07-21
K-32684,K-27649,2022-09-03
P-366,P-16976,2021-11-30
FT-19582,FT-17935,2021-01-16
E-13540,E-30014,2023-11-08
FCV-2149,FCV-38117,2023-10-06
PSV-35543,PSV-1361,2025-05-18
P-295,P-19559,2023-10-01
FCV-847,FCV-32318,2025-08-27
TT-16854,TT-15627,2022-05-25
E-4318,E-39073,2024-01-07
V-9312,V-39953,2020-09-25
FT-21853,FT-21820,2023-01-13
P-16275,P-7777,2023-07-13
E-39406,E-18018,2020-08-05
P-34708,P-35987,2021-05-25
LT-31300,LT-5586,2023-06-08
E-35399,E-10658,2022-12-02
P-37594,P-8928,2022-03-20
LT-9776,LT-21586,2025-06-30
XV-26913,XV-38614,2023-04-15
E-39750,E-31350,2022-10-18
XV-10169,XV-5450,2023-08-01
P-5420,P-26133,2022-02-07
K-6918,K-23192,2020-02-24
PT-21169,PT-25292,2020-02-17
P-10151,P-385,2023-08-07
K-24034,K-4663,2023-04-20
FCV-39214,FCV-38648,2025-06-18
LT-11693,LT-17281,2024-12-15
P-22890,P-7876,2023-05-21
FCV-17760,FCV-34641,2025-04-15
K-36183,K-7828,2025-07-31
V-2241,V-9769,2025-05-04
K-18424,K-5110,2024-12-29
E-29450,E-34325,2023-08-30
P-30212,P-11736,2025-11-11
V-33523,V-38530,2023-07-09
XV-33374,XV-6362,2023-01-30
FCV-4859,FCV-30354,2022-06-16
V-29603,V-19154,2022-04-11
P-16793,P-2803,2021-08-13
TT-17022,TT-4401,2023-07-23
P-11957,P-8088,2020-10-21
FT-20919,FT-13950,2024-06-15
P-20994,P-1592,2020-11-28
PSV-25004,PSV-39154,2020-03-20
PSV-12723,PSV-9124,2021-07-17
PT-34399,PT-11715,2022-08-25
E-5140,E-13343,2024-10-30
K-16475,K-30698,2024-09-27
FCV-12114,FCV-23180,2023-09-21
K-21282,K-20826,2025-04-15
FT-36478,FT-28906,2021-06-28
E-36474,E-11706,2020-10-28
LT-7119,LT-30719,2023-04-19
V-28494,V-3980,2022-09-26
P-5248,P-39462,2025-01-23
PSV-23472,PSV-869,2025-03-09
FT-21444,FT-3986,2025-08-05
E-6177,E-9063,2020-09-06
K-21977,K-35595,2025-06-17
P-32970,P-9251,2024-04-30
E-11391,E-20596,2022-10-29
LT-8925,LT-32891,2022-09-29
FT-1202,FT-27323,2021-04-13
V-37357,V-36135,2024-08-29
E-9236,E-19142,2022-07-20
K-13593,K-7446,2024-11-14
V-34909,V-3835,2025-06-02
P-20001,P-13106,2020-11-29
LT-26769,LT-26123,2022-12-09
V-16909,V-8592,2021-02-09
P-8767,P-24241,2023-03-03
XV-18141,XV-16839,2021-09-25
P-4027,P-3435,2020-04-01
PSV-36463,PSV-36486,2021-10-22
P-5831,P-22953,2022-02-17
XV-31574,XV-481,2021-02-02
K-22436,K-19585,2021-01-03
V-25132,V-5550,2020-05-19
V-3194,V-10052,2025-08-03
FCV-5143,FCV-15914,2020-12-22
COL-7263,COL-8516,2020-07-10
FT-19984,FT-39056,2025-08-19
TT-19811,TT-9942,2024-10-19
PSV-5899,PSV-14642,2024-10-21
K-1819,K-14075,2025-09-23
K-31274,K-39611,2024-03-12
V-27782,V-1893,2024-05-17
P-9320,P-22563,2021-08-04
P-6143,P-36813,2024-08-17
LT-4266,LT-34205,2025-12-16
PSV-20210,PSV-2407,2021-11-16
TT-23342,TT-29836,2020-08-06
LT-25666,LT-13968,2023-08-25
FT-29920,FT-13004,2024-05-11
COL-11329,COL-3050,2024-10-12
P-5196,P-24899,2021-12-24
P-3446,P-35083,2020-05-09
XV-10954,XV-28072,2020-09-10
P-9067,P-33054,2023-09-22
PT-3212,PT-4156,2020-11-09
TT-2980,TT-6403,2025-07-11
E-22506,E-10351,2020-04-03
PT-2858,PT-37662,2023-11-15
PT-12612,PT-31098,2021-03-24
PSV-15409,PSV-17562,2025-11-25
PSV-22654,PSV-21396,2021-07-13
TT-33689,TT-3111,2025-08-31
XV-34761,XV-13856,2023-09-06
FT-21660,FT-16215,2025-01-01
LT-5572,LT-593,2023-03-06
PT-38079,PT-38290,2022-02-04
PSV-2255,PSV-7801,2023-05-02
PSV-22332,PSV-2363,2022-04-15
PT-3212,PT-12709,2022-01-30
P-2271,P-18218,2024-09-28
V-39360,V-7195,2022-04-04
LT-17189,LT-15868,2024-10-07
FCV-36074,FCV-6469,2025-11-28
LT-29761,LT-15764,2021-09-05
K-3106,K-2919,2021-08-17
TT-18252,TT-31800,2023-05-20
V-9139,V-21693,2025-06-13
K-25691,K-29722,2020-01-05
P-26204,P-37665,2023-10-28
XV-7988,XV-11226,2021-05-05
P-37660,P-31363,2023-11-07
XV-11704,XV-30720,2024-10-06
K-3163,K-38947,2020-10-24
K-20870,K-11024,2021-04-29
TT-37645,TT-38615,2022-08-29
FCV-22987,FCV-20283,2020-02-28
V-9533,V-32522,2025-09-09
PT-3081,PT-5115,2020-02-23
K-2912,K-2443,2022-01-20
PSV-25664,PSV-33571,2021-03-03
COL-37262,COL-4432,2021-07-06
XV-31766,XV-38256,2021-07-14
P-15362,P-24605,2020-07-21
P-8202,P-22881,2022-01-06
LT-6353,LT-28820,2021-12-24
K-1609,K-17814,2021-07-17
P-14885,P-36716,2024-11-20
P-18360,P-10688,2022-07-05
PT-32541,PT-261,2025-12-22
XV-30597,XV-29420,2025-12-23
E-30769,E-25955,2023-05-02
PT-14434,PT-35893,2024-06-27
PSV-10498,PSV-20357,2024-02-05
V-25306,V-20955,2021-11-09
V-17541,V-37263,2025-10-12
PT-7860,PT-25700,2023-01-17
COL-28941,COL-4047,2025-03-30
PT-37537,PT-20818,2024-09-17
K-37224,K-10612,2025-06-30
V-20271,V-4243,2022-06-18
PSV-17671,PSV-14270,2023-06-10
K-35193,K-12186,2020-08-21
COL-30151,COL-10825,2020-08-26
PSV-5805,PSV-3245,2023-09-28
E-28920,E-34054,2023-05-05
FCV-34340,FCV-9965,2022-06-03
LT-32598,LT-15570,2022-11-26
PT-15739,PT-9420,2024-09-08
PT-17335,PT-20941,2022-09-11
E-36639,E-28547,2024-11-25
PSV-555,PSV-26626,2020-10-15
P-14123,P-25779,2021-02-10
COL-726,COL-22626,2021-06-17
E-25510,E-26597,2022-05-29
LT-5572,LT-28288,2022-05-17
V-9693,V-5986,2025-11-23
P-7394,P-32030,2024-06-07
COL-35133,COL-32803,2025-08-27
COL-6598,COL-24382,2020-10-30
PSV-4704,PSV-1253,2020-08-22
XV-10037,XV-1661,2020-05-21
V-32450,V-37712,2022-12-17
V-24253,V-29562,2022-11-20
FCV-18048,FCV-1113,2025-10-25
XV-4510,XV-3924,2021-11-28
COL-35398,COL-14525,2023-08-29
TT-4166,TT-30653,2022-06-12
TT-20051,TT-33069,2020-09-07
P-38229,P-24572,2021-04-19
FT-21737,FT-24628,2021-01-07
TT-5425,TT-12944,2023-05-21
PSV-9825,PSV-35815,2023-03-11
XV-29728,XV-6104,2021-12-06
FT-38493,FT-6787,2024-05-08
TT-19436,TT-33309,2021-09-25
FCV-5476,FCV-29048,2020-03-09
PT-3455,PT-18281,2023-02-27
K-32795,K-32398,2022-11-28
XV-8333,XV-23391,2020-08-10
PT-12612,PT-24613,2020-11-01
TT-33781,TT-15669,2021-03-23
P-22281,P-530,2025-08-06
P-33736,P-38302,2020-06-15
E-21876,E-23254,2021-09-23
FCV-31263,FCV-26370,2023-05-26
