functionalLocationId,name,hierarchyLevel,cfihosId
FL-000001,Area 1,1,CFIHOS-00000074
FL-000002,Area 2,1,CFIHOS-00000074
FL-000003,Area 3,1,CFIHOS-00000074
FL-000004,Area 4,1,CFIHOS-00000074
FL-000005,Area 5,1,CFIHOS-00000074
FL-000006,Sub-Area 6,2,CFIHOS-00000074
FL-000007,Sub-Area 7,2,CFIHOS-00000074
FL-000008,Sub-Area 8,2,CFIHOS-00000074
FL-000009,Sub-Area 9,2,CFIHOS-00000074
FL-000010,Sub-Area 10,2,CFIHOS-00000074
FL-000011,Sub-Area 11,2,CFIHOS-00000074
FL-000012,Sub-Area 12,2,CFIHOS-00000074
FL-000013,Sub-Area 13,2,CFIHOS-00000074
FL-000014,Sub-Area 14,2,CFIHOS-00000074
FL-000015,Sub-Area 15,2,CFIHOS-00000074
FL-000016,Sub-Area 16,2,CFIHOS-00000074
FL-000017,Sub-Area 17,2,CFIHOS-00000074
FL-000018,Sub-Area 18,2,CFIHOS-00000074
FL-000019,Sub-Area 19,2,CFIHOS-00000074
FL-000020,Sub-Area 20,2,CFIHOS-00000074
FL-000021,Area 21,1,CFIHOS-00000074
FL-000022,Area 22,1,CFIHOS-00000074
FL-000023,Area 23,1,CFIHOS-00000074
FL-000024,Area 24,1,CFIHOS-00000074
FL-000025,Sub-Area 25,2,CFIHOS-00000074
FL-000026,Sub-Area 26,2,CFIHOS-00000074
FL-000027,Sub-Area 27,2,CFIHOS-00000074
FL-000028,Sub-Area 28,2,CFIHOS-00000074
FL-000029,Sub-Area 29,2,CFIHOS-00000074
FL-000030,Sub-Area 30,2,CFIHOS-00000074
FL-000031,Sub-Area 31,2,CFIHOS-00000074
FL-000032,Sub-Area 32,2,CFIHOS-00000074
FL-000033,Sub-Area 33,2,CFIHOS-00000074
FL-000034,Sub-Area 34,2,CFIHOS-00000074
FL-000035,Sub-Area 35,2,CFIHOS-00000074
FL-000036,Sub-Area 36,2,CFIHOS-00000074
FL-000037,Sub-Area 37,2,CFIHOS-00000074
FL-000038,Area 38,1,CFIHOS-00000074
FL-000039,Area 39,1,CFIHOS-00000074
FL-000040,Area 40,1,CFIHOS-00000074
FL-000041,Area 41,1,CFIHOS-00000074
FL-000042,Area 42,1,CFIHOS-00000074
FL-000043,Sub-Area 43,2,CFIHOS-00000074
FL-000044,Sub-Area 44,2,CFIHOS-00000074
FL-000045,Sub-Area 45,2,CFIHOS-00000074
FL-000046,Sub-Area 46,2,CFIHOS-00000074
FL-000047,Sub-Area 47,2,CFIHOS-00000074
FL-000048,Sub-Area 48,2,CFIHOS-00000074
FL-000049,Sub-Area 49,2,CFIHOS-00000074
FL-000050,Sub-Area 50,2,CFIHOS-00000074
FL-000051,Sub-Area 51,2,CFIHOS-00000074
FL-000052,Sub-Area 52,2,CFIHOS-00000074
FL-000053,Sub-Area 53,2,CFIHOS-00000074
FL-000054,Sub-Area 54,2,CFIHOS-00000074
FL-000055,Sub-Area 55,2,CFIHOS-00000074
FL-000056,Sub-Area 56,2,CFIHOS-00000074
FL-000057,Sub-Area 57,2,CFIHOS-00000074
FL-000058,Sub-Area 58,2,CFIHOS-00000074
FL-000059,Area 59,1,CFIHOS-00000074
FL-000060,Area 60,1,CFIHOS-00000074
FL-000061,Area 61,1,CFIHOS-00000074
FL-000062,Area 62,1,CFIHOS-00000074
FL-000063,Sub-Area 63,2,CFIHOS-00000074
FL-000064,Sub-Area 64,2,CFIHOS-00000074
FL-000065,Sub-Area 65,2,CFIHOS-00000074
FL-000066,Sub-Area 66,2,CFIHOS-00000074
FL-000067,Sub-Area 67,2,CFIHOS-00000074
FL-000068,Sub-Area 68,2,CFIHOS-00000074
FL-000069,Sub-Area 69,2,CFIHOS-00000074
FL-000070,Sub-Area 70,2,CFIHOS-00000074
FL-000071,Sub-Area 71,2,CFIHOS-00000074
FL-000072,Sub-Area 72,2,CFIHOS-00000074
FL-000073,Sub-Area 73,2,CFIHOS-00000074
FL-000074,Area 74,1,CFIHOS-00000074
FL-000075,Area 75,1,CFIHOS-00000074
FL-000076,Area 76,1,CFIHOS-00000074
FL-000077,Area 77,1,CFIHOS-00000074
FL-000078,Area 78,1,CFIHOS-00000074
FL-000079,Sub-Area 79,2,CFIHOS-00000074
FL-000080,Sub-Area 80,2,CFIHOS-00000074
FL-000081,Sub-Area 81,2,CFIHOS-00000074
FL-000082,Sub-Area 82,2,CFIHOS-00000074
FL-000083,Sub-Area 83,2,CFIHOS-00000074
FL-000084,Sub-Area 84,2,CFIHOS-00000074
FL-000085,Sub-Area 85,2,CFIHOS-00000074
FL-000086,Sub-Area 86,2,CFIHOS-00000074
FL-000087,Sub-Area 87,2,CFIHOS-00000074
FL-000088,Sub-Area 88,2,CFIHOS-00000074
FL-000089,Sub-Area 89,2,CFIHOS-00000074
FL-000090,Sub-Area 90,2,CFIHOS-00000074
FL-000091,Sub-Area 91,2,CFIHOS-00000074
FL-000092,Sub-Area 92,2,CFIHOS-00000074
FL-000093,Sub-Area 93,2,CFIHOS-00000074
FL-000094,Sub-Area 94,2,CFIHOS-00000074
FL-000095,Sub-Area 95,2,CFIHOS-00000074
FL-000096,Area 96,1,CFIHOS-00000074
FL-000097,Area 97,1,CFIHOS-00000074
FL-000098,Area 98,1,CFIHOS-00000074
FL-000099,Area 99,1,CFIHOS-00000074
FL-000100,Area 100,1,CFIHOS-00000074
FL-000101,Sub-Area 101,2,CFIHOS-00000074
FL-000102,Sub-Area 102,2,CFIHOS-00000074
FL-000103,Sub-Area 103,2,CFIHOS-00000074
FL-000104,Sub-Area 104,2,CFIHOS-00000074
FL-000105,Sub-Area 105,2,CFIHOS-00000074
FL-000106,Sub-Area 106,2,CFIHOS-00000074
FL-000107,Sub-Area 107,2,CFIHOS-00000074
FL-000108,Sub-Area 108,2,CFIHOS-00000074
FL-000109,Sub-Area 109,2,CFIHOS-00000074
FL-000110,Sub-Area 110,2,CFIHOS-00000074
FL-000111,Sub-Area 111,2,CFIHOS-00000074
FL-000112,Sub-Area 112,2,CFIHOS-00000074
FL-000113,Sub-Area 113,2,CFIHOS-00000074
FL-000114,Sub-Area 114,2,CFIHOS-00000074
FL-000115,Sub-Area 115,2,CFIHOS-00000074
FL-000116,Area 116,1,CFIHOS-00000074
FL-000117,Area 117,1,CFIHOS-00000074
FL-000118,Area 118,1,CFIHOS-00000074
FL-000119,Area 119,1,CFIHOS-00000074
FL-000120,Area 120,1,CFIHOS-00000074
FL-000121,Sub-Area 121,2,CFIHOS-00000074
FL-000122,Sub-Area 122,2,CFIHOS-00000074
FL-000123,Sub-Area 123,2,CFIHOS-00000074
FL-000124,Sub-Area 124,2,CFIHOS-00000074
FL-000125,Sub-Area 125,2,CFIHOS-00000074
FL-000126,Sub-Area 126,2,CFIHOS-00000074
FL-000127,Sub-Area 127,2,CFIHOS-00000074
FL-000128,Sub-Area 128,2,CFIHOS-00000074
FL-000129,Sub-Area 129,2,CFIHOS-00000074
FL-000130,Sub-Area 130,2,CFIHOS-00000074
FL-000131,Sub-Area 131,2,CFIHOS-00000074
FL-000132,Sub-Area 132,2,CFIHOS-00000074
FL-000133,Sub-Area 133,2,CFIHOS-00000074
FL-000134,Sub-Area 134,2,CFIHOS-00000074
FL-000135,Area 135,1,CFIHOS-00000074
FL-000136,Area 136,1,CFIHOS-00000074
FL-000137,Area 137,1,CFIHOS-00000074
FL-000138,Area 138,1,CFIHOS-00000074
FL-000139,Area 139,1,CFIHOS-00000074
FL-000140,Area 140,1,CFIHOS-00000074
FL-000141,Sub-Area 141,2,CFIHOS-00000074
FL-000142,Sub-Area 142,2,CFIHOS-00000074
FL-000143,Sub-Area 143,2,CFIHOS-00000074
FL-000144,Sub-Area 144,2,CFIHOS-00000074
FL-000145,Sub-Area 145,2,CFIHOS-00000074
FL-000146,Sub-Area 146,2,CFIHOS-00000074
FL-000147,Sub-Area 147,2,CFIHOS-00000074
FL-000148,Sub-Area 148,2,CFIHOS-00000074
FL-000149,Sub-Area 149,2,CFIHOS-00000074
FL-000150,Sub-Area 150,2,CFIHOS-00000074
FL-000151,Sub-Area 151,2,CFIHOS-00000074
FL-000152,Sub-Area 152,2,CFIHOS-00000074
FL-000153,Sub-Area 153,2,CFIHOS-00000074
FL-000154,Sub-Area 154,2,CFIHOS-00000074
FL-000155,Sub-Area 155,2,CFIHOS-00000074
FL-000156,Sub-Area 156,2,CFIHOS-00000074
FL-000157,Sub-Area 157,2,CFIHOS-00000074
FL-000158,Area 158,1,CFIHOS-00000074
FL-000159,Area 159,1,CFIHOS-00000074
FL-000160,Area 160,1,CFIHOS-00000074
FL-000161,Area 161,1,CFIHOS-00000074
FL-000162,Sub-Area 162,2,CFIHOS-00000074
FL-000163,Sub-Area 163,2,CFIHOS-00000074
FL-000164,Sub-Area 164,2,CFIHOS-00000074
FL-000165,Sub-Area 165,2,CFIHOS-00000074
FL-000166,Sub-Area 166,2,CFIHOS-00000074
FL-000167,Sub-Area 167,2,CFIHOS-00000074
FL-000168,Sub-Area 168,2,CFIHOS-00000074
FL-000169,Sub-Area 169,2,CFIHOS-00000074
FL-000170,Sub-Area 170,2,CFIHOS-00000074
FL-000171,Sub-Area 171,2,CFIHOS-00000074
FL-000172,Sub-Area 172,2,CFIHOS-00000074
FL-000173,Sub-Area 173,2,CFIHOS-00000074
FL-000174,Sub-Area 174,2,CFIHOS-00000074
FL-000175,Sub-Area 175,2,CFIHOS-00000074
FL-000176,Area 176,1,CFIHOS-00000074
FL-000177,Area 177,1,CFIHOS-00000074
FL-000178,Area 178,1,CFIHOS-00000074
FL-000179,Area 179,1,CFIHOS-00000074
FL-000180,Sub-Area 180,2,CFIHOS-00000074
FL-000181,Sub-Area 181,2,CFIHOS-00000074
FL-000182,Sub-Area 182,2,CFIHOS-00000074
FL-000183,Sub-Area 183,2,CFIHOS-00000074
FL-000184,Sub-Area 184,2,CFIHOS-00000074
FL-000185,Sub-Area 185,2,CFIHOS-00000074
FL-000186,Sub-Area 186,2,CFIHOS-00000074
FL-000187,Sub-Area 187,2,CFIHOS-00000074
FL-000188,Sub-Area 188,2,CFIHOS-00000074
FL-000189,Sub-Area 189,2,CFIHOS-00000074
FL-000190,Sub-Area 190,2,CFIHOS-00000074
FL-000191,Sub-Area 191,2,CFIHOS-00000074
FL-000192,Sub-Area 192,2,CFIHOS-00000074
FL-000193,Area 193,1,CFIHOS-00000074
FL-000194,Area 194,1,CFIHOS-00000074
FL-000195,Area 195,1,CFIHOS-00000074
FL-000196,Area 196,1,CFIHOS-00000074
FL-000197,Area 197,1,CFIHOS-00000074
FL-000198,Sub-Area 198,2,CFIHOS-00000074
FL-000199,Sub-Area 199,2,CFIHOS-00000074
FL-000200,Sub-Area 200,2,CFIHOS-00000074
FL-000201,Sub-Area 201,2,CFIHOS-00000074
FL-000202,Sub-Area 202,2,CFIHOS-00000074
FL-000203,Sub-Area 203,2,CFIHOS-00000074
FL-000204,Sub-Area 204,2,CFIHOS-00000074
FL-000205,Sub-Area 205,2,CFIHOS-00000074
FL-000206,Sub-Area 206,2,CFIHOS-00000074
FL-000207,Sub-Area 207,2,CFIHOS-00000074
FL-000208,Sub-Area 208,2,CFIHOS-00000074
FL-000209,Area 209,1,CFIHOS-00000074
FL-000210,Area 210,1,CFIHOS-00000074
FL-000211,Area 211,1,CFIHOS-00000074
FL-000212,Area 212,1,CFIHOS-00000074
FL-000213,Area 213,1,CFIHOS-00000074
FL-000214,Area 214,1,CFIHOS-00000074
FL-000215,Sub-Area 215,2,CFIHOS-00000074
FL-000216,Sub-Area 216,2,CFIHOS-00000074
FL-000217,Sub-Area 217,2,CFIHOS-00000074
FL-000218,Sub-Area 218,2,CFIHOS-00000074
FL-000219,Sub-Area 219,2,CFIHOS-00000074
FL-000220,Sub-Area 220,2,CFIHOS-00000074
FL-000221,Sub-Area 221,2,CFIHOS-00000074
FL-000222,Sub-Area 222,2,CFIHOS-00000074
FL-000223,Sub-Area 223,2,CFIHOS-00000074
FL-000224,Sub-Area 224,2,CFIHOS-00000074
FL-000225,Sub-Area 225,2,CFIHOS-00000074
FL-000226,Sub-Area 226,2,CFIHOS-00000074
FL-000227,Sub-Area 227,2,CFIHOS-00000074
FL-000228,Sub-Area 228,2,CFIHOS-00000074
FL-000229,Sub-Area 229,2,CFIHOS-00000074
FL-000230,Sub-Area 230,2,CFIHOS-00000074
FL-000231,Sub-Area 231,2,CFIHOS-00000074
FL-000232,Sub-Area 232,2,CFIHOS-00000074
FL-000233,Sub-Area 233,2,CFIHOS-00000074
FL-000234,Sub-Area 234,2,CFIHOS-00000074
FL-000235,Area 235,1,CFIHOS-00000074
FL-000236,Area 236,1,CFIHOS-00000074
FL-000237,Area 237,1,CFIHOS-00000074
FL-000238,Area 238,1,CFIHOS-00000074
FL-000239,Area 239,1,CFIHOS-00000074
FL-000240,Sub-Area 240,2,CFIHOS-00000074
FL-000241,Sub-Area 241,2,CFIHOS-00000074
FL-000242,Sub-Area 242,2,CFIHOS-00000074
FL-000243,Sub-Area 243,2,CFIHOS-00000074
FL-000244,Sub-Area 244,2,CFIHOS-00000074
FL-000245,Sub-Area 245,2,CFIHOS-00000074
FL-000246,Sub-Area 246,2,CFIHOS-00000074
FL-000247,Sub-Area 247,2,CFIHOS-00000074
FL-000248,Sub-Area 248,2,CFIHOS-00000074
FL-000249,Sub-Area 249,2,CFIHOS-00000074
FL-000250,Sub-Area 250,2,CFIHOS-00000074
FL-000251,Sub-Area 251,2,CFIHOS-00000074
FL-000252,Sub-Area 252,2,CFIHOS-00000074
FL-000253,Sub-Area 253,2,CFIHOS-00000074
FL-000254,Area 254,1,CFIHOS-00000074
FL-000255,Area 255,1,CFIHOS-00000074
FL-000256,Area 256,1,CFIHOS-00000074
FL-000257,Area 257,1,CFIHOS-00000074
FL-000258,Area 258,1,CFIHOS-00000074
FL-000259,Area 259,1,CFIHOS-00000074
FL-000260,Sub-Area 260,2,CFIHOS-00000074
FL-000261,Sub-Area 261,2,CFIHOS-00000074
FL-000262,Sub-Area 262,2,CFIHOS-00000074
FL-000263,Sub-Area 263,2,CFIHOS-00000074
FL-000264,Sub-Area 264,2,CFIHOS-00000074
FL-000265,Sub-Area 265,2,CFIHOS-00000074
FL-000266,Sub-Area 266,2,CFIHOS-00000074
FL-000267,Sub-Area 267,2,CFIHOS-00000074
FL-000268,Sub-Area 268,2,CFIHOS-00000074
FL-000269,Sub-Area 269,2,CFIHOS-00000074
FL-000270,Sub-Area 270,2,CFIHOS-00000074
FL-000271,Sub-Area 271,2,CFIHOS-00000074
FL-000272,Sub-Area 272,2,CFIHOS-00000074
FL-000273,Sub-Area 273,2,CFIHOS-00000074
FL-000274,Sub-Area 274,2,CFIHOS-00000074
FL-000275,Sub-Area 275,2,CFIHOS-00000074
FL-000276,Sub-Area 276,2,CFIHOS-00000074
FL-000277,Sub-Area 277,2,CFIHOS-00000074
FL-000278,Sub-Area 278,2,CFIHOS-00000074
FL-000279,Area 279,1,CFIHOS-00000074
FL-000280,Area 280,1,CFIHOS-00000074
FL-000281,Area 281,1,CFIHOS-00000074
FL-000282,Area 282,1,CFIHOS-00000074
FL-000283,Sub-Area 283,2,CFIHOS-00000074
FL-000284,Sub-Area 284,2,CFIHOS-00000074
FL-000285,Sub-Area 285,2,CFIHOS-00000074
FL-000286,Sub-Area 286,2,CFIHOS-00000074
FL-000287,Sub-Area 287,2,CFIHOS-00000074
FL-000288,Sub-Area 288,2,CFIHOS-00000074
FL-000289,Sub-Area 289,2,CFIHOS-00000074
FL-000290,Sub-Area 290,2,CFIHOS-00000074
FL-000291,Sub-Area 291,2,CFIHOS-00000074
FL-000292,Sub-Area 292,2,CFIHOS-00000074
FL-000293,Sub-Area 293,2,CFIHOS-00000074
FL-000294,Area 294,1,CFIHOS-00000074
FL-000295,Area 295,1,CFIHOS-00000074
FL-000296,Area 296,1,CFIHOS-00000074
FL-000297,Area 297,1,CFIHOS-00000074
FL-000298,Area 298,1,CFIHOS-00000074
FL-000299,Area 299,1,CFIHOS-00000074
FL-000300,Sub-Area 300,2,CFIHOS-00000074
FL-000301,Sub-Area 301,2,CFIHOS-00000074
FL-000302,Sub-Area 302,2,CFIHOS-00000074
FL-000303,Sub-Area 303,2,CFIHOS-00000074
FL-000304,Sub-Area 304,2,CFIHOS-00000074
FL-000305,Sub-Area 305,2,CFIHOS-00000074
FL-000306,Sub-Area 306,2,CFIHOS-00000074
FL-000307,Sub-Area 307,2,CFIHOS-00000074
FL-000308,Sub-Area 308,2,CFIHOS-00000074
FL-000309,Sub-Area 309,2,CFIHOS-00000074
FL-000310,Sub-Area 310,2,CFIHOS-00000074
FL-000311,Sub-Area 311,2,CFIHOS-00000074
FL-000312,Sub-Area 312,2,CFIHOS-00000074
FL-000313,Sub-Area 313,2,CFIHOS-00000074
FL-000314,Sub-Area 314,2,CFIHOS-00000074
FL-000315,Sub-Area 315,2,CFIHOS-00000074
FL-000316,Sub-Area 316,2,CFIHOS-00000074
FL-000317,Sub-Area 317,2,CFIHOS-00000074
FL-000318,Sub-Area 318,2,CFIHOS-00000074
FL-000319,Area 319,1,CFIHOS-00000074
FL-000320,Area 320,1,CFIHOS-00000074
FL-000321,Area 321,1,CFIHOS-00000074
FL-000322,Area 322,1,CFIHOS-00000074
FL-000323,Area 323,1,CFIHOS-00000074
FL-000324,Area 324,1,CFIHOS-00000074
FL-000325,Sub-Area 325,2,CFIHOS-00000074
FL-000326,Sub-Area 326,2,CFIHOS-00000074
FL-000327,Sub-Area 327,2,CFIHOS-00000074
FL-000328,Sub-Area 328,2,CFIHOS-00000074
FL-000329,Sub-Area 329,2,CFIHOS-00000074
FL-000330,Sub-Area 330,2,CFIHOS-00000074
FL-000331,Sub-Area 331,2,CFIHOS-00000074
FL-000332,Sub-Area 332,2,CFIHOS-00000074
FL-000333,Sub-Area 333,2,CFIHOS-00000074
FL-000334,Sub-Area 334,2,CFIHOS-00000074
FL-000335,Sub-Area 335,2,CFIHOS-00000074
FL-000336,Sub-Area 336,2,CFIHOS-00000074
FL-000337,Sub-Area 337,2,CFIHOS-00000074
FL-000338,Sub-Area 338,2,CFIHOS-00000074
FL-000339,Sub-Area 339,2,CFIHOS-00000074
FL-000340,Sub-Area 340,2,CFIHOS-00000074
FL-000341,Sub-Area 341,2,CFIHOS-00000074
FL-000342,Sub-Area 342,2,CFIHOS-00000074
FL-000343,Sub-Area 343,2,CFIHOS-00000074
FL-000344,Area 344,1,CFIHOS-00000074
FL-000345,Area 345,1,CFIHOS-00000074
FL-000346,Area 346,1,CFIHOS-00000074
FL-000347,Area 347,1,CFIHOS-00000074
FL-000348,Area 348,1,CFIHOS-00000074
FL-000349,Sub-Area 349,2,CFIHOS-00000074
FL-000350,Sub-Area 350,2,CFIHOS-00000074
FL-000351,Sub-Area 351,2,CFIHOS-00000074
FL-000352,Sub-Area 352,2,CFIHOS-00000074
FL-000353,Sub-Area 353,2,CFIHOS-00000074
FL-000354,Sub-Area 354,2,CFIHOS-00000074
FL-000355,Sub-Area 355,2,CFIHOS-00000074
FL-000356,Sub-Area 356,2,CFIHOS-00000074
FL-000357,Sub-Area 357,2,CFIHOS-00000074
FL-000358,Sub-Area 358,2,CFIHOS-00000074
FL-000359,Sub-Area 359,2,CFIHOS-00000074
FL-000360,Sub-Area 360,2,CFIHOS-00000074
FL-000361,Sub-Area 361,2,CFIHOS-00000074
FL-000362,Sub-Area 362,2,CFIHOS-00000074
FL-000363,Sub-Area 363,2,CFIHOS-00000074
FL-000364,Sub-Area 364,2,CFIHOS-00000074
FL-000365,Sub-Area 365,2,CFIHOS-00000074
FL-000366,Area 366,1,CFIHOS-00000074
FL-000367,Area 367,1,CFIHOS-00000074
FL-000368,Area 368,1,CFIHOS-00000074
FL-000369,Area 369,1,CFIHOS-00000074
FL-000370,Area 370,1,CFIHOS-00000074
FL-000371,Sub-Area 371,2,CFIHOS-00000074
FL-000372,Sub-Area 372,2,CFIHOS-00000074
FL-000373,Sub-Area 373,2,CFIHOS-00000074
FL-000374,Sub-Area 374,2,CFIHOS-00000074
FL-000375,Sub-Area 375,2,CFIHOS-00000074
FL-000376,Sub-Area 376,2,CFIHOS-00000074
FL-000377,Sub-Area 377,2,CFIHOS-00000074
FL-000378,Sub-Area 378,2,CFIHOS-00000074
FL-000379,Sub-Area 379,2,CFIHOS-00000074
FL-000380,Sub-Area 380,2,CFIHOS-00000074
FL-000381,Sub-Area 381,2,CFIHOS-00000074
FL-000382,Sub-Area 382,2,CFIHOS-00000074
FL-000383,Sub-Area 383,2,CFIHOS-00000074
FL-000384,Sub-Area 384,2,CFIHOS-00000074
FL-000385,Sub-Area 385,2,CFIHOS-00000074
FL-000386,Area 386,1,CFIHOS-00000074
FL-000387,Area 387,1,CFIHOS-00000074
FL-000388,Area 388,1,CFIHOS-00000074
FL-000389,Area 389,1,CFIHOS-00000074
FL-000390,Sub-Area 390,2,CFIHOS-00000074
FL-000391,Sub-Area 391,2,CFIHOS-00000074
FL-000392,Sub-Area 392,2,CFIHOS-00000074
FL-000393,Sub-Area 393,2,CFIHOS-00000074
FL-000394,Sub-Area 394,2,CFIHOS-00000074
FL-000395,Sub-Area 395,2,CFIHOS-00000074
FL-000396,Sub-Area 396,2,CFIHOS-00000074
FL-000397,Sub-Area 397,2,CFIHOS-00000074
FL-000398,Sub-Area 398,2,CFIHOS-00000074
FL-000399,Sub-Area 399,2,CFIHOS-00000074
FL-000400,Sub-Area 400,2,CFIHOS-00000074
FL-000401,Sub-Area 401,2,CFIHOS-00000074
FL-000402,Area 402,1,CFIHOS-00000074
FL-000403,Area 403,1,CFIHOS-00000074
FL-000404,Area 404,1,CFIHOS-00000074
FL-000405,Area 405,1,CFIHOS-00000074
FL-000406,Area 406,1,CFIHOS-00000074
FL-000407,Sub-Area 407,2,CFIHOS-00000074
FL-000408,Sub-Area 408,2,CFIHOS-00000074
FL-000409,Sub-Area 409,2,CFIHOS-00000074
FL-000410,Sub-Area 410,2,CFIHOS-00000074
FL-000411,Sub-Area 411,2,CFIHOS-00000074
FL-000412,Sub-Area 412,2,CFIHOS-00000074
FL-000413,Sub-Area 413,2,CFIHOS-00000074
FL-000414,Sub-Area 414,2,CFIHOS-00000074
FL-000415,Sub-Area 415,2,CFIHOS-00000074
FL-000416,Sub-Area 416,2,CFIHOS-00000074
FL-000417,Sub-Area 417,2,CFIHOS-00000074
FL-000418,Sub-Area 418,2,CFIHOS-00000074
FL-000419,Sub-Area 419,2,CFIHOS-00000074
FL-000420,Sub-Area 420,2,CFIHOS-00000074
FL-000421,Sub-Area 421,2,CFIHOS-00000074
FL-000422,Sub-Area 422,2,CFIHOS-00000074
FL-000423,Sub-Area 423,2,CFIHOS-00000074
FL-000424,Sub-Area 424,2,CFIHOS-00000074
FL-000425,Area 425,1,CFIHOS-00000074
FL-000426,Area 426,1,CFIHOS-00000074
FL-000427,Area 427,1,CFIHOS-00000074
FL-000428,Area 428,1,CFIHOS-00000074
FL-000429,Sub-Area 429,2,CFIHOS-00000074
FL-000430,Sub-Area 430,2,CFIHOS-00000074
FL-000431,Sub-Area 431,2,CFIHOS-00000074
FL-000432,Sub-Area 432,2,CFIHOS-00000074
FL-000433,Sub-Area 433,2,CFIHOS-00000074
FL-000434,Sub-Area 434,2,CFIHOS-00000074
FL-000435,Sub-Area 435,2,CFIHOS-00000074
FL-000436,Sub-Area 436,2,CFIHOS-00000074
FL-000437,Sub-Area 437,2,CFIHOS-00000074
FL-000438,Sub-Area 438,2,CFIHOS-00000074
FL-000439,Sub-Area 439,2,CFIHOS-00000074
FL-000440,Area 440,1,CFIHOS-00000074
FL-000441,Area 441,1,CFIHOS-00000074
FL-000442,Area 442,1,CFIHOS-00000074
FL-000443,Area 443,1,CFIHOS-00000074
FL-000444,Area 444,1,CFIHOS-00000074
FL-000445,Area 445,1,CFIHOS-00000074
FL-000446,Sub-Area 446,2,CFIHOS-00000074
FL-000447,Sub-Area 447,2,CFIHOS-00000074
FL-000448,Sub-Area 448,2,CFIHOS-00000074
FL-000449,Sub-Area 449,2,CFIHOS-00000074
FL-000450,Sub-Area 450,2,CFIHOS-00000074
FL-000451,Sub-Area 451,2,CFIHOS-00000074
FL-000452,Sub-Area 452,2,CFIHOS-00000074
FL-000453,Sub-Area 453,2,CFIHOS-00000074
FL-000454,Sub-Area 454,2,CFIHOS-00000074
FL-000455,Sub-Area 455,2,CFIHOS-00000074
FL-000456,Sub-Area 456,2,CFIHOS-00000074
FL-000457,Sub-Area 457,2,CFIHOS-00000074
FL-000458,Sub-Area 458,2,CFIHOS-00000074
FL-000459,Sub-Area 459,2,CFIHOS-00000074
FL-000460,Sub-Area 460,2,CFIHOS-00000074
FL-000461,Sub-Area 461,2,CFIHOS-00000074
FL-000462,Sub-Area 462,2,CFIHOS-00000074
FL-000463,Area 463,1,CFIHOS-00000074
FL-000464,Area 464,1,CFIHOS-00000074
FL-000465,Area 465,1,CFIHOS-00000074
FL-000466,Area 466,1,CFIHOS-00000074
FL-000467,Sub-Area 467,2,CFIHOS-00000074
FL-000468,Sub-Area 468,2,CFIHOS-00000074
FL-000469,Sub-Area 469,2,CFIHOS-00000074
FL-000470,Sub-Area 470,2,CFIHOS-00000074
FL-000471,Sub-Area 471,2,CFIHOS-00000074
FL-000472,Sub-Area 472,2,CFIHOS-00000074
FL-000473,Sub-Area 473,2,CFIHOS-00000074
FL-000474,Sub-Area 474,2,CFIHOS-00000074
FL-000475,Sub-Area 475,2,CFIHOS-00000074
FL-000476,Sub-Area 476,2,CFIHOS-00000074
FL-000477,Sub-Area 477,2,CFIHOS-00000074
FL-000478,Sub-Area 478,2,CFIHOS-00000074
FL-000479,Sub-Area 479,2,CFIHOS-00000074
FL-000480,Area 480,1,CFIHOS-00000074
FL-000481,Area 481,1,CFIHOS-00000074
FL-000482,Area 482,1,CFIHOS-00000074
FL-000483,Area 483,1,CFIHOS-00000074
FL-000484,Sub-Area 484,2,CFIHOS-00000074
FL-000485,Sub-Area 485,2,CFIHOS-00000074
FL-000486,Sub-Area 486,2,CFIHOS-00000074
FL-000487,Sub-Area 487,2,CFIHOS-00000074
FL-000488,Sub-Area 488,2,CFIHOS-00000074
FL-000489,Sub-Area 489,2,CFIHOS-00000074
FL-000490,Sub-Area 490,2,CFIHOS-00000074
FL-000491,Sub-Area 491,2,CFIHOS-00000074
FL-000492,Sub-Area 492,2,CFIHOS-00000074
FL-000493,Sub-Area 493,2,CFIHOS-00000074
FL-000494,Sub-Area 494,2,CFIHOS-00000074
FL-000495,Area 495,1,CFIHOS-00000074
FL-000496,Area 496,1,CFIHOS-00000074
FL-000497,Area 497,1,CFIHOS-00000074
FL-000498,Area 498,1,CFIHOS-00000074
FL-000499,Area 499,1,CFIHOS-00000074
FL-000500,Area 500,1,CFIHOS-00000074
FL-000501,Sub-Area 501,2,CFIHOS-00000074
FL-000502,Sub-Area 502,2,CFIHOS-00000074
FL-000503,Sub-Area 503,2,CFIHOS-00000074
FL-000504,Sub-Area 504,2,CFIHOS-00000074
FL-000505,Sub-Area 505,2,CFIHOS-00000074
FL-000506,Sub-Area 506,2,CFIHOS-00000074
FL-000507,Sub-Area 507,2,CFIHOS-00000074
FL-000508,Sub-Area 508,2,CFIHOS-00000074
FL-000509,Sub-Area 509,2,CFIHOS-00000074
FL-000510,Sub-Area 510,2,CFIHOS-00000074
FL-000511,Sub-Area 511,2,CFIHOS-00000074
FL-000512,Sub-Area 512,2,CFIHOS-00000074
FL-000513,Sub-Area 513,2,CFIHOS-00000074
FL-000514,Sub-Area 514,2,CFIHOS-00000074
FL-000515,Sub-Area 515,2,CFIHOS-00000074
FL-000516,Sub-Area 516,2,CFIHOS-00000074
FL-000517,Sub-Area 517,2,CFIHOS-00000074
FL-000518,Sub-Area 518,2,CFIHOS-00000074
FL-000519,Sub-Area 519,2,CFIHOS-00000074
FL-000520,Sub-Area 520,2,CFIHOS-00000074
FL-000521,Area 521,1,CFIHOS-00000074
FL-000522,Area 522,1,CFIHOS-00000074
FL-000523,Area 523,1,CFIHOS-00000074
FL-000524,Area 524,1,CFIHOS-00000074
FL-000525,Area 525,1,CFIHOS-00000074
FL-000526,Area 526,1,CFIHOS-00000074
FL-000527,Sub-Area 527,2,CFIHOS-00000074
FL-000528,Sub-Area 528,2,CFIHOS-00000074
FL-000529,Sub-Area 529,2,CFIHOS-00000074
FL-000530,Sub-Area 530,2,CFIHOS-00000074
FL-000531,Sub-Area 531,2,CFIHOS-00000074
FL-000532,Sub-Area 532,2,CFIHOS-00000074
FL-000533,Sub-Area 533,2,CFIHOS-00000074
FL-000534,Sub-Area 534,2,CFIHOS-00000074
FL-000535,Sub-Area 535,2,CFIHOS-00000074
FL-000536,Sub-Area 536,2,CFIHOS-00000074
FL-000537,Sub-Area 537,2,CFIHOS-00000074
FL-000538,Sub-Area 538,2,CFIHOS-00000074
FL-000539,Sub-Area 539,2,CFIHOS-00000074
FL-000540,Sub-Area 540,2,CFIHOS-00000074
FL-000541,Sub-Area 541,2,CFIHOS-00000074
FL-000542,Sub-Area 542,2,CFIHOS-00000074
FL-000543,Sub-Area 543,2,CFIHOS-00000074
FL-000544,Sub-Area 544,2,CFIHOS-00000074
FL-000545,Sub-Area 545,2,CFIHOS-00000074
FL-000546,Sub-Area 546,2,CFIHOS-00000074
FL-000547,Sub-Area 547,2,CFIHOS-00000074
FL-000548,Area 548,1,CFIHOS-00000074
FL-000549,Area 549,1,CFIHOS-00000074
FL-000550,Area 550,1,CFIHOS-00000074
FL-000551,Area 551,1,CFIHOS-00000074
FL-000552,Sub-Area 552,2,CFIHOS-00000074
FL-000553,Sub-Area 553,2,CFIHOS-00000074
FL-000554,Sub-Area 554,2,CFIHOS-00000074
FL-000555,Sub-Area 555,2,CFIHOS-00000074
FL-000556,Sub-Area 556,2,CFIHOS-00000074
FL-000557,Sub-Area 557,2,CFIHOS-00000074
FL-000558,Sub-Area 558,2,CFIHOS-00000074
FL-000559,Sub-Area 559,2,CFIHOS-00000074
FL-000560,Sub-Area 560,2,CFIHOS-00000074
FL-000561,Sub-Area 561,2,CFIHOS-00000074
FL-000562,Sub-Area 562,2,CFIHOS-00000074
FL-000563,Sub-Area 563,2,CFIHOS-00000074
FL-000564,Area 564,1,CFIHOS-00000074
FL-000565,Area 565,1,CFIHOS-00000074
FL-000566,Area 566,1,CFIHOS-00000074
FL-000567,Area 567,1,CFIHOS-00000074
FL-000568,Area 568,1,CFIHOS-00000074
FL-000569,Area 569,1,CFIHOS-00000074
FL-000570,Sub-Area 570,2,CFIHOS-00000074
FL-000571,Sub-Area 571,2,CFIHOS-00000074
FL-000572,Sub-Area 572,2,CFIHOS-00000074
FL-000573,Sub-Area 573,2,CFIHOS-00000074
FL-000574,Sub-Area 574,2,CFIHOS-00000074
FL-000575,Sub-Area 575,2,CFIHOS-00000074
FL-000576,Sub-Area 576,2,CFIHOS-00000074
FL-000577,Sub-Area 577,2,CFIHOS-00000074
FL-000578,Sub-Area 578,2,CFIHOS-00000074
FL-000579,Sub-Area 579,2,CFIHOS-00000074
FL-000580,Sub-Area 580,2,CFIHOS-00000074
FL-000581,Sub-Area 581,2,CFIHOS-00000074
FL-000582,Sub-Area 582,2,CFIHOS-00000074
FL-000583,Sub-Area 583,2,CFIHOS-00000074
FL-000584,Sub-Area 584,2,CFIHOS-00000074
FL-000585,Sub-Area 585,2,CFIHOS-00000074
FL-000586,Area 586,1,CFIHOS-00000074
FL-000587,Area 587,1,CFIHOS-00000074
FL-000588,Area 588,1,CFIHOS-00000074
FL-000589,Area 589,1,CFIHOS-00000074
FL-000590,Area 590,1,CFIHOS-00000074
FL-000591,Area 591,1,CFIHOS-00000074
FL-000592,Sub-Area 592,2,CFIHOS-00000074
FL-000593,Sub-Area 593,2,CFIHOS-00000074
FL-000594,Sub-Area 594,2,CFIHOS-00000074
FL-000595,Sub-Area 595,2,CFIHOS-00000074
FL-000596,Sub-Area 596,2,CFIHOS-00000074
FL-000597,Sub-Area 597,2,CFIHOS-00000074
FL-000598,Sub-Area 598,2,CFIHOS-00000074
FL-000599,Sub-Area 599,2,CFIHOS-00000074
FL-000600,Sub-Area 600,2,CFIHOS-00000074
FL-000601,Sub-Area 601,2,CFIHOS-00000074
FL-000602,Sub-Area 602,2,CFIHOS-00000074
FL-000603,Sub-Area 603,2,CFIHOS-00000074
FL-000604,Sub-Area 604,2,CFIHOS-00000074
FL-000605,Sub-Area 605,2,CFIHOS-00000074
FL-000606,Sub-Area 606,2,CFIHOS-00000074
FL-000607,Sub-Area 607,2,CFIHOS-00000074
FL-000608,Sub-Area 608,2,CFIHOS-00000074
FL-000609,Sub-Area 609,2,CFIHOS-00000074
FL-000610,Area 610,1,CFIHOS-00000074
FL-000611,Area 611,1,CFIHOS-00000074
FL-000612,Area 612,1,CFIHOS-00000074
FL-000613,Area 613,1,CFIHOS-00000074
FL-000614,Sub-Area 614,2,CFIHOS-00000074
FL-000615,Sub-Area 615,2,CFIHOS-00000074
FL-000616,Sub-Area 616,2,CFIHOS-00000074
FL-000617,Sub-Area 617,2,CFIHOS-00000074
FL-000618,Sub-Area 618,2,CFIHOS-00000074
FL-000619,Sub-Area 619,2,CFIHOS-00000074
FL-000620,Sub-Area 620,2,CFIHOS-00000074
FL-000621,Sub-Area 621,2,CFIHOS-00000074
FL-000622,Sub-Area 622,2,CFIHOS-00000074
FL-000623,Sub-Area 623,2,CFIHOS-00000074
FL-000624,Area 624,1,CFIHOS-00000074
FL-000625,Area 625,1,CFIHOS-00000074
FL-000626,Area 626,1,CFIHOS-00000074
FL-000627,Area 627,1,CFIHOS-00000074
FL-000628,Area 628,1,CFIHOS-00000074
FL-000629,Sub-Area 629,2,CFIHOS-00000074
FL-000630,Sub-Area 630,2,CFIHOS-00000074
FL-000631,Sub-Area 631,2,CFIHOS-00000074
FL-000632,Sub-Area 632,2,CFIHOS-00000074
FL-000633,Sub-Area 633,2,CFIHOS-00000074
FL-000634,Sub-Area 634,2,CFIHOS-00000074
FL-000635,Sub-Area 635,2,CFIHOS-00000074
FL-000636,Sub-Area 636,2,CFIHOS-00000074
FL-000637,Sub-Area 637,2,CFIHOS-00000074
FL-000638,Sub-Area 638,2,CFIHOS-00000074
FL-000639,Sub-Area 639,2,CFIHOS-00000074
FL-000640,Sub-Area 640,2,CFIHOS-00000074
FL-000641,Sub-Area 641,2,CFIHOS-00000074
FL-000642,Sub-Area 642,2,CFIHOS-00000074
FL-000643,Area 643,1,CFIHOS-00000074
FL-000644,Area 644,1,CFIHOS-00000074
FL-000645,Area 645,1,CFIHOS-00000074
FL-000646,Area 646,1,CFIHOS-00000074
FL-000647,Area 647,1,CFIHOS-00000074
FL-000648,Sub-Area 648,2,CFIHOS-00000074
FL-000649,Sub-Area 649,2,CFIHOS-00000074
FL-000650,Sub-Area 650,2,CFIHOS-00000074
FL-000651,Sub-Area 651,2,CFIHOS-00000074
FL-000652,Sub-Area 652,2,CFIHOS-00000074
FL-000653,Sub-Area 653,2,CFIHOS-00000074
FL-000654,Sub-Area 654,2,CFIHOS-00000074
FL-000655,Sub-Area 655,2,CFIHOS-00000074
FL-000656,Sub-Area 656,2,CFIHOS-00000074
FL-000657,Sub-Area 657,2,CFIHOS-00000074
FL-000658,Sub-Area 658,2,CFIHOS-00000074
FL-000659,Sub-Area 659,2,CFIHOS-00000074
FL-000660,Sub-Area 660,2,CFIHOS-00000074
FL-000661,Sub-Area 661,2,CFIHOS-00000074
FL-000662,Area 662,1,CFIHOS-00000074
FL-000663,Area 663,1,CFIHOS-00000074
FL-000664,Area 664,1,CFIHOS-00000074
FL-000665,Area 665,1,CFIHOS-00000074
FL-000666,Sub-Area 666,2,CFIHOS-00000074
FL-000667,Sub-Area 667,2,CFIHOS-00000074
FL-000668,Sub-Area 668,2,CFIHOS-00000074
FL-000669,Sub-Area 669,2,CFIHOS-00000074
FL-000670,Sub-Area 670,2,CFIHOS-00000074
FL-000671,Sub-Area 671,2,CFIHOS-00000074
FL-000672,Sub-Area 672,2,CFIHOS-00000074
FL-000673,Sub-Area 673,2,CFIHOS-00000074
FL-000674,Sub-Area 674,2,CFIHOS-00000074
FL-000675,Sub-Area 675,2,CFIHOS-00000074
FL-000676,Sub-Area 676,2,CFIHOS-00000074
FL-000677,Sub-Area 677,2,CFIHOS-00000074
FL-000678,Sub-Area 678,2,CFIHOS-00000074
FL-000679,Sub-Area 679,2,CFIHOS-00000074
FL-000680,Sub-Area 680,2,CFIHOS-00000074
FL-000681,Area 681,1,CFIHOS-00000074
FL-000682,Area 682,1,CFIHOS-00000074
FL-000683,Area 683,1,CFIHOS-00000074
FL-000684,Area 684,1,CFIHOS-00000074
FL-000685,Sub-Area 685,2,CFIHOS-00000074
FL-000686,Sub-Area 686,2,CFIHOS-00000074
FL-000687,Sub-Area 687,2,CFIHOS-00000074
FL-000688,Sub-Area 688,2,CFIHOS-00000074
FL-000689,Sub-Area 689,2,CFIHOS-00000074
FL-000690,Sub-Area 690,2,CFIHOS-00000074
FL-000691,Sub-Area 691,2,CFIHOS-00000074
FL-000692,Sub-Area 692,2,CFIHOS-00000074
FL-000693,Sub-Area 693,2,CFIHOS-00000074
FL-000694,Sub-Area 694,2,CFIHOS-00000074
FL-000695,Sub-Area 695,2,CFIHOS-00000074
FL-000696,Area 696,1,CFIHOS-00000074
FL-000697,Area 697,1,CFIHOS-00000074
FL-000698,Area 698,1,CFIHOS-00000074
FL-000699,Area 699,1,CFIHOS-00000074
FL-000700,Area 700,1,CFIHOS-00000074
FL-000701,Sub-Area 701,2,CFIHOS-00000074
FL-000702,Sub-Area 702,2,CFIHOS-00000074
FL-000703,Sub-Area 703,2,CFIHOS-00000074
FL-000704,Sub-Area 704,2,CFIHOS-00000074
FL-000705,Sub-Area 705,2,CFIHOS-00000074
FL-000706,Sub-Area 706,2,CFIHOS-00000074
FL-000707,Sub-Area 707,2,CFIHOS-00000074
FL-000708,Sub-Area 708,2,CFIHOS-00000074
FL-000709,Sub-Area 709,2,CFIHOS-00000074
FL-000710,Sub-Area 710,2,CFIHOS-00000074
FL-000711,Sub-Area 711,2,CFIHOS-00000074
FL-000712,Sub-Area 712,2,CFIHOS-00000074
FL-000713,Sub-Area 713,2,CFIHOS-00000074
FL-000714,Sub-Area 714,2,CFIHOS-00000074
FL-000715,Sub-Area 715,2,CFIHOS-00000074
FL-000716,Sub-Area 716,2,CFIHOS-00000074
FL-000717,Sub-Area 717,2,CFIHOS-00000074
FL-000718,Area 718,1,CFIHOS-00000074
FL-000719,Area 719,1,CFIHOS-00000074
FL-000720,Area 720,1,CFIHOS-00000074
FL-000721,Area 721,1,CFIHOS-00000074
FL-000722,Sub-Area 722,2,CFIHOS-00000074
FL-000723,Sub-Area 723,2,CFIHOS-00000074
FL-000724,Sub-Area 724,2,CFIHOS-00000074
FL-000725,Sub-Area 725,2,CFIHOS-00000074
FL-000726,Sub-Area 726,2,CFIHOS-00000074
FL-000727,Sub-Area 727,2,CFIHOS-00000074
FL-000728,Sub-Area 728,2,CFIHOS-00000074
FL-000729,Sub-Area 729,2,CFIHOS-00000074
FL-000730,Sub-Area 730,2,CFIHOS-00000074
FL-000731,Sub-Area 731,2,CFIHOS-00000074
FL-000732,Sub-Area 732,2,CFIHOS-00000074
FL-000733,Sub-Area 733,2,CFIHOS-00000074
FL-000734,Sub-Area 734,2,CFIHOS-00000074
FL-000735,Sub-Area 735,2,CFIHOS-00000074
FL-000736,Area 736,1,CFIHOS-00000074
FL-000737,Area 737,1,CFIHOS-00000074
FL-000738,Area 738,1,CFIHOS-00000074
FL-000739,Area 739,1,CFIHOS-00000074
FL-000740,Sub-Area 740,2,CFIHOS-00000074
FL-000741,Sub-Area 741,2,CFIHOS-00000074
FL-000742,Sub-Area 742,2,CFIHOS-00000074
FL-000743,Sub-Area 743,2,CFIHOS-00000074
FL-000744,Sub-Area 744,2,CFIHOS-00000074
FL-000745,Sub-Area 745,2,CFIHOS-00000074
FL-000746,Sub-Area 746,2,CFIHOS-00000074
FL-000747,Sub-Area 747,2,CFIHOS-00000074
FL-000748,Sub-Area 748,2,CFIHOS-00000074
FL-000749,Sub-Area 749,2,CFIHOS-00000074
FL-000750,Sub-Area 750,2,CFIHOS-00000074
FL-000751,Sub-Area 751,2,CFIHOS-00000074
FL-000752,Area 752,1,CFIHOS-00000074
FL-000753,Area 753,1,CFIHOS-00000074
FL-000754,Area 754,1,CFIHOS-00000074
FL-000755,Area 755,1,CFIHOS-00000074
FL-000756,Area 756,1,CFIHOS-00000074
FL-000757,Sub-Area 757,2,CFIHOS-00000074
FL-000758,Sub-Area 758,2,CFIHOS-00000074
FL-000759,Sub-Area 759,2,CFIHOS-00000074
FL-000760,Sub-Area 760,2,CFIHOS-00000074
FL-000761,Sub-Area 761,2,CFIHOS-00000074
FL-000762,Sub-Area 762,2,CFIHOS-00000074
FL-000763,Sub-Area 763,2,CFIHOS-00000074
FL-000764,Sub-Area 764,2,CFIHOS-00000074
FL-000765,Sub-Area 765,2,CFIHOS-00000074
FL-000766,Sub-Area 766,2,CFIHOS-00000074
FL-000767,Sub-Area 767,2,CFIHOS-00000074
FL-000768,Sub-Area 768,2,CFIHOS-00000074
FL-000769,Sub-Area 769,2,CFIHOS-00000074
FL-000770,Sub-Area 770,2,CFIHOS-00000074
FL-000771,Sub-Area 771,2,CFIHOS-00000074
FL-000772,Sub-Area 772,2,CFIHOS-00000074
FL-000773,Sub-Area 773,2,CFIHOS-00000074
FL-000774,Area 774,1,CFIHOS-00000074
FL-000775,Area 775,1,CFIHOS-00000074
FL-000776,Area 776,1,CFIHOS-00000074
FL-000777,Area 777,1,CFIHOS-00000074
FL-000778,Area 778,1,CFIHOS-00000074
FL-000779,Sub-Area 779,2,CFIHOS-00000074
FL-000780,Sub-Area 780,2,CFIHOS-00000074
FL-000781,Sub-Area 781,2,CFIHOS-00000074
FL-000782,Sub-Area 782,2,CFIHOS-00000074
FL-000783,Sub-Area 783,2,CFIHOS-00000074
FL-000784,Sub-Area 784,2,CFIHOS-00000074
FL-000785,Sub-Area 785,2,CFIHOS-00000074
FL-000786,Sub-Area 786,2,CFIHOS-00000074
FL-000787,Sub-Area 787,2,CFIHOS-00000074
FL-000788,Sub-Area 788,2,CFIHOS-00000074
FL-000789,Sub-Area 789,2,CFIHOS-00000074
FL-000790,Sub-Area 790,2,CFIHOS-00000074
FL-000791,Area 791,1,CFIHOS-00000074
FL-000792,Area 792,1,CFIHOS-00000074
FL-000793,Area 793,1,CFIHOS-00000074
FL-000794,Area 794,1,CFIHOS-00000074
FL-000795,Area 795,1,CFIHOS-00000074
FL-000796,Sub-Area 796,2,CFIHOS-00000074
FL-000797,Sub-Area 797,2,CFIHOS-00000074
FL-000798,Sub-Area 798,2,CFIHOS-00000074
FL-000799,Sub-Area 799,2,CFIHOS-00000074
FL-000800,Sub-Area 800,2,CFIHOS-00000074
FL-000801,Sub-Area 801,2,CFIHOS-00000074
FL-000802,Sub-Area 802,2,CFIHOS-00000074
FL-000803,Sub-Area 803,2,CFIHOS-00000074
FL-000804,Sub-Area 804,2,CFIHOS-00000074
FL-000805,Sub-Area 805,2,CFIHOS-00000074
FL-000806,Sub-Area 806,2,CFIHOS-00000074
FL-000807,Sub-Area 807,2,CFIHOS-00000074
FL-000808,Sub-Area 808,2,CFIHOS-00000074
FL-000809,Sub-Area 809,2,CFIHOS-00000074
FL-000810,Sub-Area 810,2,CFIHOS-00000074
FL-000811,Sub-Area 811,2,CFIHOS-00000074
FL-000812,Sub-Area 812,2,CFIHOS-00000074
FL-000813,Sub-Area 813,2,CFIHOS-00000074
FL-000814,Area 814,1,CFIHOS-00000074
FL-000815,Area 815,1,CFIHOS-00000074
FL-000816,Area 816,1,CFIHOS-00000074
FL-000817,Area 817,1,CFIHOS-00000074
FL-000818,Area 818,1,CFIHOS-00000074
FL-000819,Sub-Area 819,2,CFIHOS-00000074
FL-000820,Sub-Area 820,2,CFIHOS-00000074
FL-000821,Sub-Area 821,2,CFIHOS-00000074
FL-000822,Sub-Area 822,2,CFIHOS-00000074
FL-000823,Sub-Area 823,2,CFIHOS-00000074
FL-000824,Sub-Area 824,2,CFIHOS-00000074
FL-000825,Sub-Area 825,2,CFIHOS-00000074
FL-000826,Sub-Area 826,2,CFIHOS-00000074
FL-000827,Sub-Area 827,2,CFIHOS-00000074
FL-000828,Sub-Area 828,2,CFIHOS-00000074
FL-000829,Sub-Area 829,2,CFIHOS-00000074
FL-000830,Sub-Area 830,2,CFIHOS-00000074
FL-000831,Sub-Area 831,2,CFIHOS-00000074
FL-000832,Sub-Area 832,2,CFIHOS-00000074
FL-000833,Area 833,1,CFIHOS-00000074
FL-000834,Area 834,1,CFIHOS-00000074
FL-000835,Area 835,1,CFIHOS-00000074
FL-000836,Area 836,1,CFIHOS-00000074
FL-000837,Area 837,1,CFIHOS-00000074
FL-000838,Area 838,1,CFIHOS-00000074
FL-000839,Sub-Area 839,2,CFIHOS-00000074
FL-000840,Sub-Area 840,2,CFIHOS-00000074
FL-000841,Sub-Area 841,2,CFIHOS-00000074
FL-000842,Sub-Area 842,2,CFIHOS-00000074
FL-000843,Sub-Area 843,2,CFIHOS-00000074
FL-000844,Sub-Area 844,2,CFIHOS-00000074
FL-000845,Sub-Area 845,2,CFIHOS-00000074
FL-000846,Sub-Area 846,2,CFIHOS-00000074
FL-000847,Sub-Area 847,2,CFIHOS-00000074
FL-000848,Sub-Area 848,2,CFIHOS-00000074
FL-000849,Sub-Area 849,2,CFIHOS-00000074
FL-000850,Sub-Area 850,2,CFIHOS-00000074
FL-000851,Sub-Area 851,2,CFIHOS-00000074
FL-000852,Sub-Area 852,2,CFIHOS-00000074
FL-000853,Sub-Area 853,2,CFIHOS-00000074
FL-000854,Sub-Area 854,2,CFIHOS-00000074
FL-000855,Sub-Area 855,2,CFIHOS-00000074
FL-000856,Sub-Area 856,2,CFIHOS-00000074
FL-000857,Sub-Area 857,2,CFIHOS-00000074
FL-000858,Sub-Area 858,2,CFIHOS-00000074
FL-000859,Sub-Area 859,2,CFIHOS-00000074
FL-000860,Area 860,1,CFIHOS-00000074
FL-000861,Area 861,1,CFIHOS-00000074
FL-000862,Area 862,1,CFIHOS-00000074
FL-000863,Area 863,1,CFIHOS-00000074
FL-000864,Area 864,1,CFIHOS-00000074
FL-000865,Sub-Area 865,2,CFIHOS-00000074
FL-000866,Sub-Area 866,2,CFIHOS-00000074
FL-000867,Sub-Area 867,2,CFIHOS-00000074
FL-000868,Sub-Area 868,2,CFIHOS-00000074
FL-000869,Sub-Area 869,2,CFIHOS-00000074
FL-000870,Sub-Area 870,2,CFIHOS-00000074
FL-000871,Sub-Area 871,2,CFIHOS-00000074
FL-000872,Sub-Area 872,2,CFIHOS-00000074
FL-000873,Sub-Area 873,2,CFIHOS-00000074
FL-000874,Sub-Area 874,2,CFIHOS-00000074
FL-000875,Sub-Area 875,2,CFIHOS-00000074
FL-000876,Sub-Area 876,2,CFIHOS-00000074
FL-000877,Sub-Area 877,2,CFIHOS-00000074
FL-000878,Sub-Area 878,2,CFIHOS-00000074
FL-000879,Sub-Area 879,2,CFIHOS-00000074
FL-000880,Area 880,1,CFIHOS-00000074
FL-000881,Area 881,1,CFIHOS-00000074
FL-000882,Area 882,1,CFIHOS-00000074
FL-000883,Area 883,1,CFIHOS-00000074
FL-000884,Sub-Area 884,2,CFIHOS-00000074
FL-000885,Sub-Area 885,2,CFIHOS-00000074
FL-000886,Sub-Area 886,2,CFIHOS-00000074
FL-000887,Sub-Area 887,2,CFIHOS-00000074
FL-000888,Sub-Area 888,2,CFIHOS-00000074
FL-000889,Sub-Area 889,2,CFIHOS-00000074
FL-000890,Sub-Area 890,2,CFIHOS-00000074
FL-000891,Sub-Area 891,2,CFIHOS-00000074
FL-000892,Sub-Area 892,2,CFIHOS-00000074
FL-000893,Sub-Area 893,2,CFIHOS-00000074
FL-000894,Sub-Area 894,2,CFIHOS-00000074
FL-000895,Sub-Area 895,2,CFIHOS-00000074
FL-000896,Sub-Area 896,2,CFIHOS-00000074
FL-000897,Sub-Area 897,2,CFIHOS-00000074
FL-000898,Sub-Area 898,2,CFIHOS-00000074
FL-000899,Area 899,1,CFIHOS-00000074
FL-000900,Area 900,1,CFIHOS-00000074
FL-000901,Area 901,1,CFIHOS-00000074
FL-000902,Area 902,1,CFIHOS-00000074
FL-000903,Area 903,1,CFIHOS-00000074
FL-000904,Area 904,1,CFIHOS-00000074
FL-000905,Sub-Area 905,2,CFIHOS-00000074
FL-000906,Sub-Area 906,2,CFIHOS-00000074
FL-000907,Sub-Area 907,2,CFIHOS-00000074
FL-000908,Sub-Area 908,2,CFIHOS-00000074
FL-000909,Sub-Area 909,2,CFIHOS-00000074
FL-000910,Sub-Area 910,2,CFIHOS-00000074
FL-000911,Sub-Area 911,2,CFIHOS-00000074
FL-000912,Sub-Area 912,2,CFIHOS-00000074
FL-000913,Sub-Area 913,2,CFIHOS-00000074
FL-000914,Sub-Area 914,2,CFIHOS-00000074
FL-000915,Sub-Area 915,2,CFIHOS-00000074
FL-000916,Sub-Area 916,2,CFIHOS-00000074
FL-000917,Sub-Area 917,2,CFIHOS-00000074
FL-000918,Sub-Area 918,2,CFIHOS-00000074
FL-000919,Sub-Area 919,2,CFIHOS-00000074
FL-000920,Sub-Area 920,2,CFIHOS-00000074
FL-000921,Sub-Area 921,2,CFIHOS-00000074
FL-000922,Sub-Area 922,2,CFIHOS-00000074
FL-000923,Sub-Area 923,2,CFIHOS-00000074
FL-000924,Sub-Area 924,2,CFIHOS-00000074
FL-000925,Area 925,1,CFIHOS-00000074
FL-000926,Area 926,1,CFIHOS-00000074
FL-000927,Area 927,1,CFIHOS-00000074
FL-000928,Area 928,1,CFIHOS-00000074
FL-000929,Sub-Area 929,2,CFIHOS-00000074
FL-000930,Sub-Area 930,2,CFIHOS-00000074
FL-000931,Sub-Area 931,2,CFIHOS-00000074
FL-000932,Sub-Area 932,2,CFIHOS-00000074
FL-000933,Sub-Area 933,2,CFIHOS-00000074
FL-000934,Sub-Area 934,2,CFIHOS-00000074
FL-000935,Sub-Area 935,2,CFIHOS-00000074
FL-000936,Sub-Area 936,2,CFIHOS-00000074
FL-000937,Sub-Area 937,2,CFIHOS-00000074
FL-000938,Sub-Area 938,2,CFIHOS-00000074
FL-000939,Sub-Area 939,2,CFIHOS-00000074
FL-000940,Sub-Area 940,2,CFIHOS-00000074
FL-000941,Area 941,1,CFIHOS-00000074
FL-000942,Area 942,1,CFIHOS-00000074
FL-000943,Area 943,1,CFIHOS-00000074
FL-000944,Area 944,1,CFIHOS-00000074
FL-000945,Area 945,1,CFIHOS-00000074
FL-000946,Sub-Area 946,2,CFIHOS-00000074
FL-000947,Sub-Area 947,2,CFIHOS-00000074
FL-000948,Sub-Area 948,2,CFIHOS-00000074
FL-000949,Sub-Area 949,2,CFIHOS-00000074
FL-000950,Sub-Area 950,2,CFIHOS-00000074
FL-000951,Sub-Area 951,2,CFIHOS-00000074
FL-000952,Sub-Area 952,2,CFIHOS-00000074
FL-000953,Sub-Area 953,2,CFIHOS-00000074
FL-000954,Sub-Area 954,2,CFIHOS-00000074
FL-000955,Sub-Area 955,2,CFIHOS-00000074
FL-000956,Sub-Area 956,2,CFIHOS-00000074
FL-000957,Sub-Area 957,2,CFIHOS-00000074
FL-000958,Sub-Area 958,2,CFIHOS-00000074
FL-000959,Sub-Area 959,2,CFIHOS-00000074
FL-000960,Area 960,1,CFIHOS-00000074
FL-000961,Area 961,1,CFIHOS-00000074
FL-000962,Area 962,1,CFIHOS-00000074
FL-000963,Area 963,1,CFIHOS-00000074
FL-000964,Area 964,1,CFIHOS-00000074
FL-000965,Area 965,1,CFIHOS-00000074
FL-000966,Sub-Area 966,2,CFIHOS-00000074
FL-000967,Sub-Area 967,2,CFIHOS-00000074
FL-000968,Sub-Area 968,2,CFIHOS-00000074
FL-000969,Sub-Area 969,2,CFIHOS-00000074
FL-000970,Sub-Area 970,2,CFIHOS-00000074
FL-000971,Sub-Area 971,2,CFIHOS-00000074
FL-000972,Sub-Area 972,2,CFIHOS-00000074
FL-000973,Sub-Area 973,2,CFIHOS-00000074
FL-000974,Sub-Area 974,2,CFIHOS-00000074
FL-000975,Sub-Area 975,2,CFIHOS-00000074
FL-000976,Sub-Area 976,2,CFIHOS-00000074
FL-000977,Sub-Area 977,2,CFIHOS-00000074
FL-000978,Sub-Area 978,2,CFIHOS-00000074
FL-000979,Sub-Area 979,2,CFIHOS-00000074
FL-000980,Sub-Area 980,2,CFIHOS-00000074
FL-000981,Sub-Area 981,2,CFIHOS-00000074
FL-000982,Area 982,1,CFIHOS-00000074
FL-000983,Area 983,1,CFIHOS-00000074
FL-000984,Area 984,1,CFIHOS-00000074
FL-000985,Area 985,1,CFIHOS-00000074
FL-000986,Area 986,1,CFIHOS-00000074
FL-000987,Area 987,1,CFIHOS-00000074
FL-000988,Sub-Area 988,2,CFIHOS-00000074
FL-000989,Sub-Area 989,2,CFIHOS-00000074
FL-000990,Sub-Area 990,2,CFIHOS-00000074
FL-000991,Sub-Area 991,2,CFIHOS-00000074
FL-000992,Sub-Area 992,2,CFIHOS-00000074
FL-000993,Sub-Area 993,2,CFIHOS-00000074
FL-000994,Sub-Area 994,2,CFIHOS-00000074
FL-000995,Sub-Area 995,2,CFIHOS-00000074
FL-000996,Sub-Area 996,2,CFIHOS-00000074
FL-000997,Sub-Area 997,2,CFIHOS-00000074
FL-000998,Sub-Area 998,2,CFIHOS-00000074
FL-000999,Sub-Area 999,2,CFIHOS-00000074
FL-001000,Sub-Area 1000,2,CFIHOS-00000074
FL-001001,Sub-Area 1001,2,CFIHOS-00000074
FL-001002,Sub-Area 1002,2,CFIHOS-00000074
FL-001003,Sub-Area 1003,2,CFIHOS-00000074
FL-001004,Sub-Area 1004,2,CFIHOS-00000074
FL-001005,Sub-Area 1005,2,CFIHOS-00000074
FL-001006,Area 1006,1,CFIHOS-00000074
FL-001007,Area 1007,1,CFIHOS-00000074
FL-001008,Area 1008,1,CFIHOS-00000074
FL-001009,Area 1009,1,CFIHOS-00000074
FL-001010,Area 1010,1,CFIHOS-00000074
FL-001011,Area 1011,1,CFIHOS-00000074
FL-001012,Sub-Area 1012,2,CFIHOS-00000074
FL-001013,Sub-Area 1013,2,CFIHOS-00000074
FL-001014,Sub-Area 1014,2,CFIHOS-00000074
FL-001015,Sub-Area 1015,2,CFIHOS-00000074
FL-001016,Sub-Area 1016,2,CFIHOS-00000074
FL-001017,Sub-Area 1017,2,CFIHOS-00000074
FL-001018,Sub-Area 1018,2,CFIHOS-00000074
FL-001019,Sub-Area 1019,2,CFIHOS-00000074
FL-001020,Sub-Area 1020,2,CFIHOS-00000074
FL-001021,Sub-Area 1021,2,CFIHOS-00000074
FL-001022,Sub-Area 1022,2,CFIHOS-00000074
FL-001023,Sub-Area 1023,2,CFIHOS-00000074
FL-001024,Sub-Area 1024,2,CFIHOS-00000074
FL-001025,Sub-Area 1025,2,CFIHOS-00000074
FL-001026,Area 1026,1,CFIHOS-00000074
FL-001027,Area 1027,1,CFIHOS-00000074
FL-001028,Area 1028,1,CFIHOS-00000074
FL-001029,Area 1029,1,CFIHOS-00000074
FL-001030,Area 1030,1,CFIHOS-00000074
FL-001031,Area 1031,1,CFIHOS-00000074
FL-001032,Sub-Area 1032,2,CFIHOS-00000074
FL-001033,Sub-Area 1033,2,CFIHOS-00000074
FL-001034,Sub-Area 1034,2,CFIHOS-00000074
FL-001035,Sub-Area 1035,2,CFIHOS-00000074
FL-001036,Sub-Area 1036,2,CFIHOS-00000074
FL-001037,Sub-Area 1037,2,CFIHOS-00000074
FL-001038,Sub-Area 1038,2,CFIHOS-00000074
FL-001039,Sub-Area 1039,2,CFIHOS-00000074
FL-001040,Sub-Area 1040,2,CFIHOS-00000074
FL-001041,Sub-Area 1041,2,CFIHOS-00000074
FL-001042,Sub-Area 1042,2,CFIHOS-00000074
FL-001043,Sub-Area 1043,2,CFIHOS-00000074
FL-001044,Sub-Area 1044,2,CFIHOS-00000074
FL-001045,Sub-Area 1045,2,CFIHOS-00000074
FL-001046,Sub-Area 1046,2,CFIHOS-00000074
FL-001047,Sub-Area 1047,2,CFIHOS-00000074
FL-001048,Sub-Area 1048,2,CFIHOS-00000074
FL-001049,Sub-Area 1049,2,CFIHOS-00000074
FL-001050,Sub-Area 1050,2,CFIHOS-00000074
FL-001051,Sub-Area 1051,2,CFIHOS-00000074
FL-001052,Area 1052,1,CFIHOS-00000074
FL-001053,Area 1053,1,CFIHOS-00000074
FL-001054,Area 1054,1,CFIHOS-00000074
FL-001055,Area 1055,1,CFIHOS-00000074
FL-001056,Area 1056,1,CFIHOS-00000074
FL-001057,Sub-Area 1057,2,CFIHOS-00000074
FL-001058,Sub-Area 1058,2,CFIHOS-00000074
FL-001059,Sub-Area 1059,2,CFIHOS-00000074
FL-001060,Sub-Area 1060,2,CFIHOS-00000074
FL-001061,Sub-Area 1061,2,CFIHOS-00000074
FL-001062,Sub-Area 1062,2,CFIHOS-00000074
FL-001063,Sub-Area 1063,2,CFIHOS-00000074
FL-001064,Sub-Area 1064,2,CFIHOS-00000074
FL-001065,Sub-Area 1065,2,CFIHOS-00000074
FL-001066,Sub-Area 1066,2,CFIHOS-00000074
FL-001067,Sub-Area 1067,2,CFIHOS-00000074
FL-001068,Sub-Area 1068,2,CFIHOS-00000074
FL-001069,Sub-Area 1069,2,CFIHOS-00000074
FL-001070,Sub-Area 1070,2,CFIHOS-00000074
FL-001071,Area 1071,1,CFIHOS-00000074
FL-001072,Area 1072,1,CFIHOS-00000074
FL-001073,Area 1073,1,CFIHOS-00000074
FL-001074,Area 1074,1,CFIHOS-00000074
FL-001075,Area 1075,1,CFIHOS-00000074
FL-001076,Sub-Area 1076,2,CFIHOS-00000074
FL-001077,Sub-Area 1077,2,CFIHOS-00000074
FL-001078,Sub-Area 1078,2,CFIHOS-00000074
FL-001079,Sub-Area 1079,2,CFIHOS-00000074
FL-001080,Sub-Area 1080,2,CFIHOS-00000074
FL-001081,Sub-Area 1081,2,CFIHOS-00000074
FL-001082,Sub-Area 1082,2,CFIHOS-00000074
FL-001083,Sub-Area 1083,2,CFIHOS-00000074
FL-001084,Sub-Area 1084,2,CFIHOS-00000074
FL-001085,Sub-Area 1085,2,CFIHOS-00000074
FL-001086,Sub-Area 1086,2,CFIHOS-00000074
FL-001087,Sub-Area 1087,2,CFIHOS-00000074
FL-001088,Sub-Area 1088,2,CFIHOS-00000074
FL-001089,Sub-Area 1089,2,CFIHOS-00000074
FL-001090,Sub-Area 1090,2,CFIHOS-00000074
FL-001091,Sub-Area 1091,2,CFIHOS-00000074
FL-001092,Sub-Area 1092,2,CFIHOS-00000074
FL-001093,Sub-Area 1093,2,CFIHOS-00000074
FL-001094,Sub-Area 1094,2,CFIHOS-00000074
FL-001095,Area 1095,1,CFIHOS-00000074
FL-001096,Area 1096,1,CFIHOS-00000074
FL-001097,Area 1097,1,CFIHOS-00000074
FL-001098,Area 1098,1,CFIHOS-00000074
FL-001099,Area 1099,1,CFIHOS-00000074
FL-001100,Sub-Area 1100,2,CFIHOS-00000074
FL-001101,Sub-Area 1101,2,CFIHOS-00000074
FL-001102,Sub-Area 1102,2,CFIHOS-00000074
FL-001103,Sub-Area 1103,2,CFIHOS-00000074
FL-001104,Sub-Area 1104,2,CFIHOS-00000074
FL-001105,Sub-Area 1105,2,CFIHOS-00000074
FL-001106,Sub-Area 1106,2,CFIHOS-00000074
FL-001107,Sub-Area 1107,2,CFIHOS-00000074
FL-001108,Sub-Area 1108,2,CFIHOS-00000074
FL-001109,Sub-Area 1109,2,CFIHOS-00000074
FL-001110,Sub-Area 1110,2,CFIHOS-00000074
FL-001111,Sub-Area 1111,2,CFIHOS-00000074
FL-001112,Sub-Area 1112,2,CFIHOS-00000074
FL-001113,Sub-Area 1113,2,CFIHOS-00000074
FL-001114,Sub-Area 1114,2,CFIHOS-00000074
FL-001115,Area 1115,1,CFIHOS-00000074
FL-001116,Area 1116,1,CFIHOS-00000074
FL-001117,Area 1117,1,CFIHOS-00000074
FL-001118,Area 1118,1,CFIHOS-00000074
FL-001119,Area 1119,1,CFIHOS-00000074
FL-001120,Sub-Area 1120,2,CFIHOS-00000074
FL-001121,Sub-Area 1121,2,CFIHOS-00000074
FL-001122,Sub-Area 1122,2,CFIHOS-00000074
FL-001123,Sub-Area 1123,2,CFIHOS-00000074
FL-001124,Sub-Area 1124,2,CFIHOS-00000074
FL-001125,Sub-Area 1125,2,CFIHOS-00000074
FL-001126,Sub-Area 1126,2,CFIHOS-00000074
FL-001127,Sub-Area 1127,2,CFIHOS-00000074
FL-001128,Sub-Area 1128,2,CFIHOS-00000074
FL-001129,Sub-Area 1129,2,CFIHOS-00000074
FL-001130,Sub-Area 1130,2,CFIHOS-00000074
FL-001131,Sub-Area 1131,2,CFIHOS-00000074
FL-001132,Sub-Area 1132,2,CFIHOS-00000074
FL-001133,Sub-Area 1133,2,CFIHOS-00000074
FL-001134,Sub-Area 1134,2,CFIHOS-00000074
FL-001135,Sub-Area 1135,2,CFIHOS-00000074
FL-001136,Sub-Area 1136,2,CFIHOS-00000074
FL-001137,Area 1137,1,CFIHOS-00000074
FL-001138,Area 1138,1,CFIHOS-00000074
FL-001139,Area 1139,1,CFIHOS-00000074
FL-001140,Area 1140,1,CFIHOS-00000074
FL-001141,Sub-Area 1141,2,CFIHOS-00000074
FL-001142,Sub-Area 1142,2,CFIHOS-00000074
FL-001143,Sub-Area 1143,2,CFIHOS-00000074
FL-001144,Sub-Area 1144,2,CFIHOS-00000074
FL-001145,Sub-Area 1145,2,CFIHOS-00000074
FL-001146,Sub-Area 1146,2,CFIHOS-00000074
FL-001147,Sub-Area 1147,2,CFIHOS-00000074
FL-001148,Sub-Area 1148,2,CFIHOS-00000074
FL-001149,Sub-Area 1149,2,CFIHOS-00000074
FL-001150,Sub-Area 1150,2,CFIHOS-00000074
FL-001151,Sub-Area 1151,2,CFIHOS-00000074
FL-001152,Sub-Area 1152,2,CFIHOS-00000074
FL-001153,Sub-Area 1153,2,CFIHOS-00000074
FL-001154,Area 1154,1,CFIHOS-00000074
FL-001155,Area 1155,1,CFIHOS-00000074
FL-001156,Area 1156,1,CFIHOS-00000074
FL-001157,Area 1157,1,CFIHOS-00000074
FL-001158,Area 1158,1,CFIHOS-00000074
FL-001159,Area 1159,1,CFIHOS-00000074
FL-001160,Sub-Area 1160,2,CFIHOS-00000074
FL-001161,Sub-Area 1161,2,CFIHOS-00000074
FL-001162,Sub-Area 1162,2,CFIHOS-00000074
FL-001163,Sub-Area 1163,2,CFIHOS-00000074
FL-001164,Sub-Area 1164,2,CFIHOS-00000074
FL-001165,Sub-Area 1165,2,CFIHOS-00000074
FL-001166,Sub-Area 1166,2,CFIHOS-00000074
FL-001167,Sub-Area 1167,2,CFIHOS-00000074
FL-001168,Sub-Area 1168,2,CFIHOS-00000074
FL-001169,Sub-Area 1169,2,CFIHOS-00000074
FL-001170,Sub-Area 1170,2,CFIHOS-00000074
FL-001171,Sub-Area 1171,2,CFIHOS-00000074
FL-001172,Sub-Area 1172,2,CFIHOS-00000074
FL-001173,Sub-Area 1173,2,CFIHOS-00000074
FL-001174,Sub-Area 1174,2,CFIHOS-00000074
FL-001175,Sub-Area 1175,2,CFIHOS-00000074
FL-001176,Area 1176,1,CFIHOS-00000074
FL-001177,Area 1177,1,CFIHOS-00000074
FL-001178,Area 1178,1,CFIHOS-00000074
FL-001179,Area 1179,1,CFIHOS-00000074
FL-001180,Sub-Area 1180,2,CFIHOS-00000074
FL-001181,Sub-Area 1181,2,CFIHOS-00000074
FL-001182,Sub-Area 1182,2,CFIHOS-00000074
FL-001183,Sub-Area 1183,2,CFIHOS-00000074
FL-001184,Sub-Area 1184,2,CFIHOS-00000074
FL-001185,Sub-Area 1185,2,CFIHOS-00000074
FL-001186,Sub-Area 1186,2,CFIHOS-00000074
FL-001187,Sub-Area 1187,2,CFIHOS-00000074
FL-001188,Sub-Area 1188,2,CFIHOS-00000074
FL-001189,Sub-Area 1189,2,CFIHOS-00000074
FL-001190,Area 1190,1,CFIHOS-00000074
FL-001191,Area 1191,1,CFIHOS-00000074
FL-001192,Area 1192,1,CFIHOS-00000074
FL-001193,Area 1193,1,CFIHOS-00000074
FL-001194,Sub-Area 1194,2,CFIHOS-00000074
FL-001195,Sub-Area 1195,2,CFIHOS-00000074
FL-001196,Sub-Area 1196,2,CFIHOS-00000074
FL-001197,Sub-Area 1197,2,CFIHOS-00000074
FL-001198,Sub-Area 1198,2,CFIHOS-00000074
FL-001199,Sub-Area 1199,2,CFIHOS-00000074
FL-001200,Sub-Area 1200,2,CFIHOS-00000074
FL-001201,Sub-Area 1201,2,CFIHOS-00000074
FL-001202,Sub-Area 1202,2,CFIHOS-00000074
FL-001203,Sub-Area 1203,2,CFIHOS-00000074
FL-001204,Sub-Area 1204,2,CFIHOS-00000074
FL-001205,Sub-Area 1205,2,CFIHOS-00000074
FL-001206,Area 1206,1,CFIHOS-00000074
FL-001207,Area 1207,1,CFIHOS-00000074
FL-001208,Area 1208,1,CFIHOS-00000074
FL-001209,Area 1209,1,CFIHOS-00000074
FL-001210,Area 1210,1,CFIHOS-00000074
FL-001211,Sub-Area 1211,2,CFIHOS-00000074
FL-001212,Sub-Area 1212,2,CFIHOS-00000074
FL-001213,Sub-Area 1213,2,CFIHOS-00000074
FL-001214,Sub-Area 1214,2,CFIHOS-00000074
FL-001215,Sub-Area 1215,2,CFIHOS-00000074
FL-001216,Sub-Area 1216,2,CFIHOS-00000074
FL-001217,Sub-Area 1217,2,CFIHOS-00000074
FL-001218,Sub-Area 1218,2,CFIHOS-00000074
FL-001219,Sub-Area 1219,2,CFIHOS-00000074
FL-001220,Sub-Area 1220,2,CFIHOS-00000074
FL-001221,Sub-Area 1221,2,CFIHOS-00000074
FL-001222,Sub-Area 1222,2,CFIHOS-00000074
FL-001223,Sub-Area 1223,2,CFIHOS-00000074
FL-001224,Sub-Area 1224,2,CFIHOS-00000074
FL-001225,Sub-Area 1225,2,CFIHOS-00000074
FL-001226,Sub-Area 1226,2,CFIHOS-00000074
FL-001227,Sub-Area 1227,2,CFIHOS-00000074
FL-001228,Sub-Area 1228,2,CFIHOS-00000074
FL-001229,Sub-Area 1229,2,CFIHOS-00000074
FL-001230,Area 1230,1,CFIHOS-00000074
FL-001231,Area 1231,1,CFIHOS-00000074
FL-001232,Area 1232,1,CFIHOS-00000074
FL-001233,Area 1233,1,CFIHOS-00000074
FL-001234,Area 1234,1,CFIHOS-00000074
FL-001235,Area 1235,1,CFIHOS-00000074
FL-001236,Sub-Area 1236,2,CFIHOS-00000074
FL-001237,Sub-Area 1237,2,CFIHOS-00000074
FL-001238,Sub-Area 1238,2,CFIHOS-00000074
FL-001239,Sub-Area 1239,2,CFIHOS-00000074
FL-001240,Sub-Area 1240,2,CFIHOS-00000074
FL-001241,Sub-Area 1241,2,CFIHOS-00000074
FL-001242,Sub-Area 1242,2,CFIHOS-00000074
FL-001243,Sub-Area 1243,2,CFIHOS-00000074
FL-001244,Sub-Area 1244,2,CFIHOS-00000074
FL-001245,Sub-Area 1245,2,CFIHOS-00000074
FL-001246,Sub-Area 1246,2,CFIHOS-00000074
FL-001247,Sub-Area 1247,2,CFIHOS-00000074
FL-001248,Sub-Area 1248,2,CFIHOS-00000074
FL-001249,Sub-Area 1249,2,CFIHOS-00000074
FL-001250,Sub-Area 1250,2,CFIHOS-00000074
FL-001251,Sub-Area 1251,2,CFIHOS-00000074
FL-001252,Sub-Area 1252,2,CFIHOS-00000074
FL-001253,Sub-Area 1253,2,CFIHOS-00000074
FL-001254,Sub-Area 1254,2,CFIHOS-00000074
FL-001255,Area 1255,1,CFIHOS-00000074
FL-001256,Area 1256,1,CFIHOS-00000074
FL-001257,Area 1257,1,CFIHOS-00000074
FL-001258,Area 1258,1,CFIHOS-00000074
FL-001259,Area 1259,1,CFIHOS-00000074
FL-001260,Sub-Area 1260,2,CFIHOS-00000074
FL-001261,Sub-Area 1261,2,CFIHOS-00000074
FL-001262,Sub-Area 1262,2,CFIHOS-00000074
FL-001263,Sub-Area 1263,2,CFIHOS-00000074
FL-001264,Sub-Area 1264,2,CFIHOS-00000074
FL-001265,Sub-Area 1265,2,CFIHOS-00000074
FL-001266,Sub-Area 1266,2,CFIHOS-00000074
FL-001267,Sub-Area 1267,2,CFIHOS-00000074
FL-001268,Sub-Area 1268,2,CFIHOS-00000074
FL-001269,Sub-Area 1269,2,CFIHOS-00000074
FL-001270,Sub-Area 1270,2,CFIHOS-00000074
FL-001271,Sub-Area 1271,2,CFIHOS-00000074
FL-001272,Sub-Area 1272,2,CFIHOS-00000074
FL-001273,Sub-Area 1273,2,CFIHOS-00000074
FL-001274,Sub-Area 1274,2,CFIHOS-00000074
FL-001275,Sub-Area 1275,2,CFIHOS-00000074
FL-001276,Area 1276,1,CFIHOS-00000074
FL-001277,Area 1277,1,CFIHOS-00000074
FL-001278,Area 1278,1,CFIHOS-00000074
FL-001279,Area 1279,1,CFIHOS-00000074
FL-001280,Area 1280,1,CFIHOS-00000074
FL-001281,Sub-Area 1281,2,CFIHOS-00000074
FL-001282,Sub-Area 1282,2,CFIHOS-00000074
FL-001283,Sub-Area 1283,2,CFIHOS-00000074
FL-001284,Sub-Area 1284,2,CFIHOS-00000074
FL-001285,Sub-Area 1285,2,CFIHOS-00000074
FL-001286,Sub-Area 1286,2,CFIHOS-00000074
FL-001287,Sub-Area 1287,2,CFIHOS-00000074
FL-001288,Sub-Area 1288,2,CFIHOS-00000074
FL-001289,Sub-Area 1289,2,CFIHOS-00000074
FL-001290,Sub-Area 1290,2,CFIHOS-00000074
FL-001291,Sub-Area 1291,2,CFIHOS-00000074
FL-001292,Sub-Area 1292,2,CFIHOS-00000074
FL-001293,Sub-Area 1293,2,CFIHOS-00000074
FL-001294,Area 1294,1,CFIHOS-00000074
FL-001295,Area 1295,1,CFIHOS-00000074
FL-001296,Area 1296,1,CFIHOS-00000074
FL-001297,Area 1297,1,CFIHOS-00000074
FL-001298,Sub-Area 1298,2,CFIHOS-00000074
FL-001299,Sub-Area 1299,2,CFIHOS-00000074
FL-001300,Sub-Area 1300,2,CFIHOS-00000074
FL-001301,Sub-Area 1301,2,CFIHOS-00000074
FL-001302,Sub-Area 1302,2,CFIHOS-00000074
FL-001303,Sub-Area 1303,2,CFIHOS-00000074
FL-001304,Sub-Area 1304,2,CFIHOS-00000074
FL-001305,Sub-Area 1305,2,CFIHOS-00000074
FL-001306,Sub-Area 1306,2,CFIHOS-00000074
FL-001307,Sub-Area 1307,2,CFIHOS-00000074
FL-001308,Sub-Area 1308,2,CFIHOS-00000074
FL-001309,Sub-Area 1309,2,CFIHOS-00000074
FL-001310,Sub-Area 1310,2,CFIHOS-00000074
FL-001311,Sub-Area 1311,2,CFIHOS-00000074
FL-001312,Sub-Area 1312,2,CFIHOS-00000074
FL-001313,Area 1313,1,CFIHOS-00000074
FL-001314,Area 1314,1,CFIHOS-00000074
FL-001315,Area 1315,1,CFIHOS-00000074
FL-001316,Area 1316,1,CFIHOS-00000074
FL-001317,Area 1317,1,CFIHOS-00000074
FL-001318,Sub-Area 1318,2,CFIHOS-00000074
FL-001319,Sub-Area 1319,2,CFIHOS-00000074
FL-001320,Sub-Area 1320,2,CFIHOS-00000074
FL-001321,Sub-Area 1321,2,CFIHOS-00000074
FL-001322,Sub-Area 1322,2,CFIHOS-00000074
FL-001323,Sub-Area 1323,2,CFIHOS-00000074
FL-001324,Sub-Area 1324,2,CFIHOS-00000074
FL-001325,Sub-Area 1325,2,CFIHOS-00000074
FL-001326,Sub-Area 1326,2,CFIHOS-00000074
FL-001327,Sub-Area 1327,2,CFIHOS-00000074
FL-001328,Sub-Area 1328,2,CFIHOS-00000074
FL-001329,Sub-Area 1329,2,CFIHOS-00000074
FL-001330,Area 1330,1,CFIHOS-00000074
FL-001331,Area 1331,1,CFIHOS-00000074
FL-001332,Area 1332,1,CFIHOS-00000074
FL-001333,Area 1333,1,CFIHOS-00000074
FL-001334,Area 1334,1,CFIHOS-00000074
FL-001335,Sub-Area 1335,2,CFIHOS-00000074
FL-001336,Sub-Area 1336,2,CFIHOS-00000074
FL-001337,Sub-Area 1337,2,CFIHOS-00000074
FL-001338,Sub-Area 1338,2,CFIHOS-00000074
FL-001339,Sub-Area 1339,2,CFIHOS-00000074
FL-001340,Sub-Area 1340,2,CFIHOS-00000074
FL-001341,Sub-Area 1341,2,CFIHOS-00000074
FL-001342,Sub-Area 1342,2,CFIHOS-00000074
FL-001343,Sub-Area 1343,2,CFIHOS-00000074
FL-001344,Sub-Area 1344,2,CFIHOS-00000074
FL-001345,Sub-Area 1345,2,CFIHOS-00000074
FL-001346,Sub-Area 1346,2,CFIHOS-00000074
FL-001347,Sub-Area 1347,2,CFIHOS-00000074
FL-001348,Sub-Area 1348,2,CFIHOS-00000074
FL-001349,Sub-Area 1349,2,CFIHOS-00000074
FL-001350,Sub-Area 1350,2,CFIHOS-00000074
FL-001351,Area 1351,1,CFIHOS-00000074
FL-001352,Area 1352,1,CFIHOS-00000074
FL-001353,Area 1353,1,CFIHOS-00000074
FL-001354,Area 1354,1,CFIHOS-00000074
FL-001355,Area 1355,1,CFIHOS-00000074
FL-001356,Area 1356,1,CFIHOS-00000074
FL-001357,Sub-Area 1357,2,CFIHOS-00000074
FL-001358,Sub-Area 1358,2,CFIHOS-00000074
FL-001359,Sub-Area 1359,2,CFIHOS-00000074
FL-001360,Sub-Area 1360,2,CFIHOS-00000074
FL-001361,Sub-Area 1361,2,CFIHOS-00000074
FL-001362,Sub-Area 1362,2,CFIHOS-00000074
FL-001363,Sub-Area 1363,2,CFIHOS-00000074
FL-001364,Sub-Area 1364,2,CFIHOS-00000074
FL-001365,Sub-Area 1365,2,CFIHOS-00000074
FL-001366,Sub-Area 1366,2,CFIHOS-00000074
FL-001367,Sub-Area 1367,2,CFIHOS-00000074
FL-001368,Sub-Area 1368,2,CFIHOS-00000074
FL-001369,Sub-Area 1369,2,CFIHOS-00000074
FL-001370,Sub-Area 1370,2,CFIHOS-00000074
FL-001371,Sub-Area 1371,2,CFIHOS-00000074
FL-001372,Area 1372,1,CFIHOS-00000074
FL-001373,Area 1373,1,CFIHOS-00000074
FL-001374,Area 1374,1,CFIHOS-00000074
FL-001375,Area 1375,1,CFIHOS-00000074
FL-001376,Sub-Area 1376,2,CFIHOS-00000074
FL-001377,Sub-Area 1377,2,CFIHOS-00000074
FL-001378,Sub-Area 1378,2,CFIHOS-00000074
FL-001379,Sub-Area 1379,2,CFIHOS-00000074
FL-001380,Sub-Area 1380,2,CFIHOS-00000074
FL-001381,Sub-Area 1381,2,CFIHOS-00000074
FL-001382,Sub-Area 1382,2,CFIHOS-00000074
FL-001383,Sub-Area 1383,2,CFIHOS-00000074
FL-001384,Sub-Area 1384,2,CFIHOS-00000074
FL-001385,Sub-Area 1385,2,CFIHOS-00000074
FL-001386,Sub-Area 1386,2,CFIHOS-00000074
FL-001387,Sub-Area 1387,2,CFIHOS-00000074
FL-001388,Area 1388,1,CFIHOS-00000074
FL-001389,Area 1389,1,CFIHOS-00000074
FL-001390,Area 1390,1,CFIHOS-00000074
FL-001391,Area 1391,1,CFIHOS-00000074
FL-001392,Sub-Area 1392,2,CFIHOS-00000074
FL-001393,Sub-Area 1393,2,CFIHOS-00000074
FL-001394,Sub-Area 1394,2,CFIHOS-00000074
FL-001395,Sub-Area 1395,2,CFIHOS-00000074
FL-001396,Sub-Area 1396,2,CFIHOS-00000074
FL-001397,Sub-Area 1397,2,CFIHOS-00000074
FL-001398,Sub-Area 1398,2,CFIHOS-00000074
FL-001399,Sub-Area 1399,2,CFIHOS-00000074
FL-001400,Sub-Area 1400,2,CFIHOS-00000074
FL-001401,Sub-Area 1401,2,CFIHOS-00000074
FL-001402,Sub-Area 1402,2,CFIHOS-00000074
FL-001403,Area 1403,1,CFIHOS-00000074
FL-001404,Area 1404,1,CFIHOS-00000074
FL-001405,Area 1405,1,CFIHOS-00000074
FL-001406,Area 1406,1,CFIHOS-00000074
FL-001407,Sub-Area 1407,2,CFIHOS-00000074
FL-001408,Sub-Area 1408,2,CFIHOS-00000074
FL-001409,Sub-Area 1409,2,CFIHOS-00000074
FL-001410,Sub-Area 1410,2,CFIHOS-00000074
FL-001411,Sub-Area 1411,2,CFIHOS-00000074
FL-001412,Sub-Area 1412,2,CFIHOS-00000074
FL-001413,Sub-Area 1413,2,CFIHOS-00000074
FL-001414,Sub-Area 1414,2,CFIHOS-00000074
FL-001415,Sub-Area 1415,2,CFIHOS-00000074
FL-001416,Sub-Area 1416,2,CFIHOS-00000074
FL-001417,Sub-Area 1417,2,CFIHOS-00000074
FL-001418,Area 1418,1,CFIHOS-00000074
FL-001419,Area 1419,1,CFIHOS-00000074
FL-001420,Area 1420,1,CFIHOS-00000074
FL-001421,Area 1421,1,CFIHOS-00000074
FL-001422,Area 1422,1,CFIHOS-00000074
FL-001423,Sub-Area 1423,2,CFIHOS-00000074
FL-001424,Sub-Area 1424,2,CFIHOS-00000074
FL-001425,Sub-Area 1425,2,CFIHOS-00000074
FL-001426,Sub-Area 1426,2,CFIHOS-00000074
FL-001427,Sub-Area 1427,2,CFIHOS-00000074
FL-001428,Sub-Area 1428,2,CFIHOS-00000074
FL-001429,Sub-Area 1429,2,CFIHOS-00000074
FL-001430,Sub-Area 1430,2,CFIHOS-00000074
FL-001431,Sub-Area 1431,2,CFIHOS-00000074
FL-001432,Sub-Area 1432,2,CFIHOS-00000074
FL-001433,Sub-Area 1433,2,CFIHOS-00000074
FL-001434,Sub-Area 1434,2,CFIHOS-00000074
FL-001435,Area 1435,1,CFIHOS-00000074
FL-001436,Area 1436,1,CFIHOS-00000074
FL-001437,Area 1437,1,CFIHOS-00000074
FL-001438,Area 1438,1,CFIHOS-00000074
FL-001439,Sub-Area 1439,2,CFIHOS-00000074
FL-001440,Sub-Area 1440,2,CFIHOS-00000074
FL-001441,Sub-Area 1441,2,CFIHOS-00000074
FL-001442,Sub-Area 1442,2,CFIHOS-00000074
FL-001443,Sub-Area 1443,2,CFIHOS-00000074
FL-001444,Sub-Area 1444,2,CFIHOS-00000074
FL-001445,Sub-Area 1445,2,CFIHOS-00000074
FL-001446,Sub-Area 1446,2,CFIHOS-00000074
FL-001447,Sub-Area 1447,2,CFIHOS-00000074
FL-001448,Sub-Area 1448,2,CFIHOS-00000074
FL-001449,Sub-Area 1449,2,CFIHOS-00000074
FL-001450,Sub-Area 1450,2,CFIHOS-00000074
FL-001451,Area 1451,1,CFIHOS-00000074
FL-001452,Area 1452,1,CFIHOS-00000074
FL-001453,Area 1453,1,CFIHOS-00000074
FL-001454,Area 1454,1,CFIHOS-00000074
FL-001455,Sub-Area 1455,2,CFIHOS-00000074
FL-001456,Sub-Area 1456,2,CFIHOS-00000074
FL-001457,Sub-Area 1457,2,CFIHOS-00000074
FL-001458,Sub-Area 1458,2,CFIHOS-00000074
FL-001459,Sub-Area 1459,2,CFIHOS-00000074
FL-001460,Sub-Area 1460,2,CFIHOS-00000074
FL-001461,Sub-Area 1461,2,CFIHOS-00000074
FL-001462,Sub-Area 1462,2,CFIHOS-00000074
FL-001463,Sub-Area 1463,2,CFIHOS-00000074
FL-001464,Area 1464,1,CFIHOS-00000074
FL-001465,Area 1465,1,CFIHOS-00000074
FL-001466,Area 1466,1,CFIHOS-00000074
FL-001467,Area 1467,1,CFIHOS-00000074
FL-001468,Area 1468,1,CFIHOS-00000074
FL-001469,Area 1469,1,CFIHOS-00000074
FL-001470,Sub-Area 1470,2,CFIHOS-00000074
FL-001471,Sub-Area 1471,2,CFIHOS-00000074
FL-001472,Sub-Area 1472,2,CFIHOS-00000074
FL-001473,Sub-Area 1473,2,CFIHOS-00000074
FL-001474,Sub-Area 1474,2,CFIHOS-00000074
FL-001475,Sub-Area 1475,2,CFIHOS-00000074
FL-001476,Sub-Area 1476,2,CFIHOS-00000074
FL-001477,Sub-Area 1477,2,CFIHOS-00000074
FL-001478,Sub-Area 1478,2,CFIHOS-00000074
FL-001479,Sub-Area 1479,2,CFIHOS-00000074
FL-001480,Sub-Area 1480,2,CFIHOS-00000074
FL-001481,Sub-Area 1481,2,CFIHOS-00000074
FL-001482,Sub-Area 1482,2,CFIHOS-00000074
FL-001483,Sub-Area 1483,2,CFIHOS-00000074
FL-001484,Sub-Area 1484,2,CFIHOS-00000074
FL-001485,Sub-Area 1485,2,CFIHOS-00000074
FL-001486,Sub-Area 1486,2,CFIHOS-00000074
FL-001487,Sub-Area 1487,2,CFIHOS-00000074
FL-001488,Area 1488,1,CFIHOS-00000074
FL-001489,Area 1489,1,CFIHOS-00000074
FL-001490,Area 1490,1,CFIHOS-00000074
FL-001491,Area 1491,1,CFIHOS-00000074
FL-001492,Area 1492,1,CFIHOS-00000074
FL-001493,Sub-Area 1493,2,CFIHOS-00000074
FL-001494,Sub-Area 1494,2,CFIHOS-00000074
FL-001495,Sub-Area 1495,2,CFIHOS-00000074
FL-001496,Sub-Area 1496,2,CFIHOS-00000074
FL-001497,Sub-Area 1497,2,CFIHOS-00000074
FL-001498,Sub-Area 1498,2,CFIHOS-00000074
FL-001499,Sub-Area 1499,2,CFIHOS-00000074
FL-001500,Sub-Area 1500,2,CFIHOS-00000074
FL-001501,Sub-Area 1501,2,CFIHOS-00000074
FL-001502,Sub-Area 1502,2,CFIHOS-00000074
FL-001503,Sub-Area 1503,2,CFIHOS-00000074
FL-001504,Sub-Area 1504,2,CFIHOS-00000074
FL-001505,Sub-Area 1505,2,CFIHOS-00000074
FL-001506,Sub-Area 1506,2,CFIHOS-00000074
FL-001507,Sub-Area 1507,2,CFIHOS-00000074
FL-001508,Sub-Area 1508,2,CFIHOS-00000074
FL-001509,Area 1509,1,CFIHOS-00000074
FL-001510,Area 1510,1,CFIHOS-00000074
FL-001511,Area 1511,1,CFIHOS-00000074
FL-001512,Area 1512,1,CFIHOS-00000074
FL-001513,Area 1513,1,CFIHOS-00000074
FL-001514,Area 1514,1,CFIHOS-00000074
FL-001515,Sub-Area 1515,2,CFIHOS-00000074
FL-001516,Sub-Area 1516,2,CFIHOS-00000074
FL-001517,Sub-Area 1517,2,CFIHOS-00000074
FL-001518,Sub-Area 1518,2,CFIHOS-00000074
FL-001519,Sub-Area 1519,2,CFIHOS-00000074
FL-001520,Sub-Area 1520,2,CFIHOS-00000074
FL-001521,Sub-Area 1521,2,CFIHOS-00000074
FL-001522,Sub-Area 1522,2,CFIHOS-00000074
FL-001523,Sub-Area 1523,2,CFIHOS-00000074
FL-001524,Sub-Area 1524,2,CFIHOS-00000074
FL-001525,Sub-Area 1525,2,CFIHOS-00000074
FL-001526,Sub-Area 1526,2,CFIHOS-00000074
FL-001527,Sub-Area 1527,2,CFIHOS-00000074
FL-001528,Sub-Area 1528,2,CFIHOS-00000074
FL-001529,Sub-Area 1529,2,CFIHOS-00000074
FL-001530,Sub-Area 1530,2,CFIHOS-00000074
FL-001531,Sub-Area 1531,2,CFIHOS-00000074
FL-001532,Sub-Area 1532,2,CFIHOS-00000074
FL-001533,Sub-Area 1533,2,CFIHOS-00000074
FL-001534,Sub-Area 1534,2,CFIHOS-00000074
FL-001535,Area 1535,1,CFIHOS-00000074
FL-001536,Area 1536,1,CFIHOS-00000074
FL-001537,Area 1537,1,CFIHOS-00000074
FL-001538,Area 1538,1,CFIHOS-00000074
FL-001539,Area 1539,1,CFIHOS-00000074
FL-001540,Sub-Area 1540,2,CFIHOS-00000074
FL-001541,Sub-Area 1541,2,CFIHOS-00000074
FL-001542,Sub-Area 1542,2,CFIHOS-00000074
FL-001543,Sub-Area 1543,2,CFIHOS-00000074
FL-001544,Sub-Area 1544,2,CFIHOS-00000074
FL-001545,Sub-Area 1545,2,CFIHOS-00000074
FL-001546,Sub-Area 1546,2,CFIHOS-00000074
FL-001547,Sub-Area 1547,2,CFIHOS-00000074
FL-001548,Sub-Area 1548,2,CFIHOS-00000074
FL-001549,Sub-Area 1549,2,CFIHOS-00000074
FL-001550,Sub-Area 1550,2,CFIHOS-00000074
FL-001551,Sub-Area 1551,2,CFIHOS-00000074
FL-001552,Sub-Area 1552,2,CFIHOS-00000074
FL-001553,Sub-Area 1553,2,CFIHOS-00000074
FL-001554,Area 1554,1,CFIHOS-00000074
FL-001555,Area 1555,1,CFIHOS-00000074
FL-001556,Area 1556,1,CFIHOS-00000074
FL-001557,Area 1557,1,CFIHOS-00000074
FL-001558,Area 1558,1,CFIHOS-00000074
FL-001559,Sub-Area 1559,2,CFIHOS-00000074
FL-001560,Sub-Area 1560,2,CFIHOS-00000074
FL-001561,Sub-Area 1561,2,CFIHOS-00000074
FL-001562,Sub-Area 1562,2,CFIHOS-00000074
FL-001563,Sub-Area 1563,2,CFIHOS-00000074
FL-001564,Sub-Area 1564,2,CFIHOS-00000074
FL-001565,Sub-Area 1565,2,CFIHOS-00000074
FL-001566,Sub-Area 1566,2,CFIHOS-00000074
FL-001567,Sub-Area 1567,2,CFIHOS-00000074
FL-001568,Sub-Area 1568,2,CFIHOS-00000074
FL-001569,Sub-Area 1569,2,CFIHOS-00000074
FL-001570,Sub-Area 1570,2,CFIHOS-00000074
FL-001571,Sub-Area 1571,2,CFIHOS-00000074
FL-001572,Sub-Area 1572,2,CFIHOS-00000074
FL-001573,Sub-Area 1573,2,CFIHOS-00000074
FL-001574,Sub-Area 1574,2,CFIHOS-00000074
FL-001575,Area 1575,1,CFIHOS-00000074
FL-001576,Area 1576,1,CFIHOS-00000074
FL-001577,Area 1577,1,CFIHOS-00000074
FL-001578,Area 1578,1,CFIHOS-00000074
FL-001579,Area 1579,1,CFIHOS-00000074
FL-001580,Sub-Area 1580,2,CFIHOS-00000074
FL-001581,Sub-Area 1581,2,CFIHOS-00000074
FL-001582,Sub-Area 1582,2,CFIHOS-00000074
FL-001583,Sub-Area 1583,2,CFIHOS-00000074
FL-001584,Sub-Area 1584,2,CFIHOS-00000074
FL-001585,Sub-Area 1585,2,CFIHOS-00000074
FL-001586,Sub-Area 1586,2,CFIHOS-00000074
FL-001587,Sub-Area 1587,2,CFIHOS-00000074
FL-001588,Sub-Area 1588,2,CFIHOS-00000074
FL-001589,Sub-Area 1589,2,CFIHOS-00000074
FL-001590,Sub-Area 1590,2,CFIHOS-00000074
FL-001591,Sub-Area 1591,2,CFIHOS-00000074
FL-001592,Sub-Area 1592,2,CFIHOS-00000074
FL-001593,Area 1593,1,CFIHOS-00000074
FL-001594,Area 1594,1,CFIHOS-00000074
FL-001595,Area 1595,1,CFIHOS-00000074
FL-001596,Area 1596,1,CFIHOS-00000074
FL-001597,Sub-Area 1597,2,CFIHOS-00000074
FL-001598,Sub-Area 1598,2,CFIHOS-00000074
FL-001599,Sub-Area 1599,2,CFIHOS-00000074
FL-001600,Sub-Area 1600,2,CFIHOS-00000074
FL-001601,Sub-Area 1601,2,CFIHOS-00000074
FL-001602,Sub-Area 1602,2,CFIHOS-00000074
FL-001603,Sub-Area 1603,2,CFIHOS-00000074
FL-001604,Sub-Area 1604,2,CFIHOS-00000074
FL-001605,Sub-Area 1605,2,CFIHOS-00000074
FL-001606,Sub-Area 1606,2,CFIHOS-00000074
FL-001607,Sub-Area 1607,2,CFIHOS-00000074
FL-001608,Sub-Area 1608,2,CFIHOS-00000074
FL-001609,Sub-Area 1609,2,CFIHOS-00000074
FL-001610,Area 1610,1,CFIHOS-00000074
FL-001611,Area 1611,1,CFIHOS-00000074
FL-001612,Area 1612,1,CFIHOS-00000074
FL-001613,Area 1613,1,CFIHOS-00000074
FL-001614,Area 1614,1,CFIHOS-00000074
FL-001615,Area 1615,1,CFIHOS-00000074
FL-001616,Sub-Area 1616,2,CFIHOS-00000074
FL-001617,Sub-Area 1617,2,CFIHOS-00000074
FL-001618,Sub-Area 1618,2,CFIHOS-00000074
FL-001619,Sub-Area 1619,2,CFIHOS-00000074
FL-001620,Sub-Area 1620,2,CFIHOS-00000074
FL-001621,Sub-Area 1621,2,CFIHOS-00000074
FL-001622,Sub-Area 1622,2,CFIHOS-00000074
FL-001623,Sub-Area 1623,2,CFIHOS-00000074
FL-001624,Sub-Area 1624,2,CFIHOS-00000074
FL-001625,Sub-Area 1625,2,CFIHOS-00000074
FL-001626,Sub-Area 1626,2,CFIHOS-00000074
FL-001627,Sub-Area 1627,2,CFIHOS-00000074
FL-001628,Sub-Area 1628,2,CFIHOS-00000074
FL-001629,Sub-Area 1629,2,CFIHOS-00000074
FL-001630,Sub-Area 1630,2,CFIHOS-00000074
FL-001631,Sub-Area 1631,2,CFIHOS-00000074
FL-001632,Sub-Area 1632,2,CFIHOS-00000074
FL-001633,Sub-Area 1633,2,CFIHOS-00000074
FL-001634,Sub-Area 1634,2,CFIHOS-00000074
FL-001635,Sub-Area 1635,2,CFIHOS-00000074
FL-001636,Sub-Area 1636,2,CFIHOS-00000074
FL-001637,Sub-Area 1637,2,CFIHOS-00000074
FL-001638,Area 1638,1,CFIHOS-00000074
FL-001639,Area 1639,1,CFIHOS-00000074
FL-001640,Area 1640,1,CFIHOS-00000074
FL-001641,Area 1641,1,CFIHOS-00000074
FL-001642,Area 1642,1,CFIHOS-00000074
FL-001643,Sub-Area 1643,2,CFIHOS-00000074
FL-001644,Sub-Area 1644,2,CFIHOS-00000074
FL-001645,Sub-Area 1645,2,CFIHOS-00000074
FL-001646,Sub-Area 1646,2,CFIHOS-00000074
FL-001647,Sub-Area 1647,2,CFIHOS-00000074
FL-001648,Sub-Area 1648,2,CFIHOS-00000074
FL-001649,Sub-Area 1649,2,CFIHOS-00000074
FL-001650,Sub-Area 1650,2,CFIHOS-00000074
FL-001651,Sub-Area 1651,2,CFIHOS-00000074
FL-001652,Sub-Area 1652,2,CFIHOS-00000074
FL-001653,Sub-Area 1653,2,CFIHOS-00000074
FL-001654,Sub-Area 1654,2,CFIHOS-00000074
FL-001655,Sub-Area 1655,2,CFIHOS-00000074
FL-001656,Sub-Area 1656,2,CFIHOS-00000074
FL-001657,Sub-Area 1657,2,CFIHOS-00000074
FL-001658,Sub-Area 1658,2,CFIHOS-00000074
FL-001659,Area 1659,1,CFIHOS-00000074
FL-001660,Area 1660,1,CFIHOS-00000074
FL-001661,Area 1661,1,CFIHOS-00000074
FL-001662,Area 1662,1,CFIHOS-00000074
FL-001663,Area 1663,1,CFIHOS-00000074
FL-001664,Area 1664,1,CFIHOS-00000074
FL-001665,Sub-Area 1665,2,CFIHOS-00000074
FL-001666,Sub-Area 1666,2,CFIHOS-00000074
FL-001667,Sub-Area 1667,2,CFIHOS-00000074
FL-001668,Sub-Area 1668,2,CFIHOS-00000074
FL-001669,Sub-Area 1669,2,CFIHOS-00000074
FL-001670,Sub-Area 1670,2,CFIHOS-00000074
FL-001671,Sub-Area 1671,2,CFIHOS-00000074
FL-001672,Sub-Area 1672,2,CFIHOS-00000074
FL-001673,Sub-Area 1673,2,CFIHOS-00000074
FL-001674,Sub-Area 1674,2,CFIHOS-00000074
FL-001675,Sub-Area 1675,2,CFIHOS-00000074
FL-001676,Sub-Area 1676,2,CFIHOS-00000074
FL-001677,Sub-Area 1677,2,CFIHOS-00000074
FL-001678,Sub-Area 1678,2,CFIHOS-00000074
FL-001679,Sub-Area 1679,2,CFIHOS-00000074
FL-001680,Sub-Area 1680,2,CFIHOS-00000074
FL-001681,Sub-Area 1681,2,CFIHOS-00000074
FL-001682,Sub-Area 1682,2,CFIHOS-00000074
FL-001683,Sub-Area 1683,2,CFIHOS-00000074
FL-001684,Sub-Area 1684,2,CFIHOS-00000074
FL-001685,Area 1685,1,CFIHOS-00000074
FL-001686,Area 1686,1,CFIHOS-00000074
FL-001687,Area 1687,1,CFIHOS-00000074
FL-001688,Area 1688,1,CFIHOS-00000074
FL-001689,Area 1689,1,CFIHOS-00000074
FL-001690,Sub-Area 1690,2,CFIHOS-00000074
FL-001691,Sub-Area 1691,2,CFIHOS-00000074
FL-001692,Sub-Area 1692,2,CFIHOS-00000074
FL-001693,Sub-Area 1693,2,CFIHOS-00000074
FL-001694,Sub-Area 1694,2,CFIHOS-00000074
FL-001695,Sub-Area 1695,2,CFIHOS-00000074
FL-001696,Sub-Area 1696,2,CFIHOS-00000074
FL-001697,Sub-Area 1697,2,CFIHOS-00000074
FL-001698,Sub-Area 1698,2,CFIHOS-00000074
FL-001699,Sub-Area 1699,2,CFIHOS-00000074
FL-001700,Sub-Area 1700,2,CFIHOS-00000074
FL-001701,Sub-Area 1701,2,CFIHOS-00000074
FL-001702,Sub-Area 1702,2,CFIHOS-00000074
FL-001703,Sub-Area 1703,2,CFIHOS-00000074
FL-001704,Area 1704,1,CFIHOS-00000074
FL-001705,Area 1705,1,CFIHOS-00000074
FL-001706,Area 1706,1,CFIHOS-00000074
FL-001707,Area 1707,1,CFIHOS-00000074
FL-001708,Area 1708,1,CFIHOS-00000074
FL-001709,Sub-Area 1709,2,CFIHOS-00000074
FL-001710,Sub-Area 1710,2,CFIHOS-00000074
FL-001711,Sub-Area 1711,2,CFIHOS-00000074
FL-001712,Sub-Area 1712,2,CFIHOS-00000074
FL-001713,Sub-Area 1713,2,CFIHOS-00000074
FL-001714,Sub-Area 1714,2,CFIHOS-00000074
FL-001715,Sub-Area 1715,2,CFIHOS-00000074
FL-001716,Sub-Area 1716,2,CFIHOS-00000074
FL-001717,Sub-Area 1717,2,CFIHOS-00000074
FL-001718,Sub-Area 1718,2,CFIHOS-00000074
FL-001719,Sub-Area 1719,2,CFIHOS-00000074
FL-001720,Sub-Area 1720,2,CFIHOS-00000074
FL-001721,Sub-Area 1721,2,CFIHOS-00000074
FL-001722,Sub-Area 1722,2,CFIHOS-00000074
FL-001723,Sub-Area 1723,2,CFIHOS-00000074
FL-001724,Area 1724,1,CFIHOS-00000074
FL-001725,Area 1725,1,CFIHOS-00000074
FL-001726,Area 1726,1,CFIHOS-00000074
FL-001727,Area 1727,1,CFIHOS-00000074
FL-001728,Area 1728,1,CFIHOS-00000074
FL-001729,Sub-Area 1729,2,CFIHOS-00000074
FL-001730,Sub-Area 1730,2,CFIHOS-00000074
FL-001731,Sub-Area 1731,2,CFIHOS-00000074
FL-001732,Sub-Area 1732,2,CFIHOS-00000074
FL-001733,Sub-Area 1733,2,CFIHOS-00000074
FL-001734,Sub-Area 1734,2,CFIHOS-00000074
FL-001735,Sub-Area 1735,2,CFIHOS-00000074
FL-001736,Sub-Area 1736,2,CFIHOS-00000074
FL-001737,Sub-Area 1737,2,CFIHOS-00000074
FL-001738,Sub-Area 1738,2,CFIHOS-00000074
FL-001739,Sub-Area 1739,2,CFIHOS-00000074
FL-001740,Sub-Area 1740,2,CFIHOS-00000074
FL-001741,Sub-Area 1741,2,CFIHOS-00000074
FL-001742,Sub-Area 1742,2,CFIHOS-00000074
FL-001743,Sub-Area 1743,2,CFIHOS-00000074
FL-001744,Sub-Area 1744,2,CFIHOS-00000074
FL-001745,Area 1745,1,CFIHOS-00000074
FL-001746,Area 1746,1,CFIHOS-00000074
FL-001747,Area 1747,1,CFIHOS-00000074
FL-001748,Area 1748,1,CFIHOS-00000074
FL-001749,Area 1749,1,CFIHOS-00000074
FL-001750,Sub-Area 1750,2,CFIHOS-00000074
FL-001751,Sub-Area 1751,2,CFIHOS-00000074
FL-001752,Sub-Area 1752,2,CFIHOS-00000074
FL-001753,Sub-Area 1753,2,CFIHOS-00000074
FL-001754,Sub-Area 1754,2,CFIHOS-00000074
FL-001755,Sub-Area 1755,2,CFIHOS-00000074
FL-001756,Sub-Area 1756,2,CFIHOS-00000074
FL-001757,Sub-Area 1757,2,CFIHOS-00000074
FL-001758,Sub-Area 1758,2,CFIHOS-00000074
FL-001759,Sub-Area 1759,2,CFIHOS-00000074
FL-001760,Sub-Area 1760,2,CFIHOS-00000074
FL-001761,Area 1761,1,CFIHOS-00000074
FL-001762,Area 1762,1,CFIHOS-00000074
FL-001763,Area 1763,1,CFIHOS-00000074
FL-001764,Area 1764,1,CFIHOS-00000074
FL-001765,Sub-Area 1765,2,CFIHOS-00000074
FL-001766,Sub-Area 1766,2,CFIHOS-00000074
FL-001767,Sub-Area 1767,2,CFIHOS-00000074
FL-001768,Sub-Area 1768,2,CFIHOS-00000074
FL-001769,Sub-Area 1769,2,CFIHOS-00000074
FL-001770,Sub-Area 1770,2,CFIHOS-00000074
FL-001771,Sub-Area 1771,2,CFIHOS-00000074
FL-001772,Sub-Area 1772,2,CFIHOS-00000074
FL-001773,Sub-Area 1773,2,CFIHOS-00000074
FL-001774,Sub-Area 1774,2,CFIHOS-00000074
FL-001775,Sub-Area 1775,2,CFIHOS-00000074
FL-001776,Sub-Area 1776,2,CFIHOS-00000074
FL-001777,Sub-Area 1777,2,CFIHOS-00000074
FL-001778,Area 1778,1,CFIHOS-00000074
FL-001779,Area 1779,1,CFIHOS-00000074
FL-001780,Area 1780,1,CFIHOS-00000074
FL-001781,Area 1781,1,CFIHOS-00000074
FL-001782,Area 1782,1,CFIHOS-00000074
FL-001783,Area 1783,1,CFIHOS-00000074
FL-001784,Sub-Area 1784,2,CFIHOS-00000074
FL-001785,Sub-Area 1785,2,CFIHOS-00000074
FL-001786,Sub-Area 1786,2,CFIHOS-00000074
FL-001787,Sub-Area 1787,2,CFIHOS-00000074
FL-001788,Sub-Area 1788,2,CFIHOS-00000074
FL-001789,Sub-Area 1789,2,CFIHOS-00000074
FL-001790,Sub-Area 1790,2,CFIHOS-00000074
FL-001791,Sub-Area 1791,2,CFIHOS-00000074
FL-001792,Sub-Area 1792,2,CFIHOS-00000074
FL-001793,Sub-Area 1793,2,CFIHOS-00000074
FL-001794,Sub-Area 1794,2,CFIHOS-00000074
FL-001795,Sub-Area 1795,2,CFIHOS-00000074
FL-001796,Sub-Area 1796,2,CFIHOS-00000074
FL-001797,Sub-Area 1797,2,CFIHOS-00000074
FL-001798,Sub-Area 1798,2,CFIHOS-00000074
FL-001799,Sub-Area 1799,2,CFIHOS-00000074
FL-001800,Sub-Area 1800,2,CFIHOS-00000074
FL-001801,Sub-Area 1801,2,CFIHOS-00000074
FL-001802,Sub-Area 1802,2,CFIHOS-00000074
FL-001803,Sub-Area 1803,2,CFIHOS-00000074
FL-001804,Sub-Area 1804,2,CFIHOS-00000074
FL-001805,Area 1805,1,CFIHOS-00000074
FL-001806,Area 1806,1,CFIHOS-00000074
FL-001807,Area 1807,1,CFIHOS-00000074
FL-001808,Area 1808,1,CFIHOS-00000074
FL-001809,Sub-Area 1809,2,CFIHOS-00000074
FL-001810,Sub-Area 1810,2,CFIHOS-00000074
FL-001811,Sub-Area 1811,2,CFIHOS-00000074
FL-001812,Sub-Area 1812,2,CFIHOS-00000074
FL-001813,Sub-Area 1813,2,CFIHOS-00000074
FL-001814,Sub-Area 1814,2,CFIHOS-00000074
FL-001815,Sub-Area 1815,2,CFIHOS-00000074
FL-001816,Sub-Area 1816,2,CFIHOS-00000074
FL-001817,Sub-Area 1817,2,CFIHOS-00000074
FL-001818,Sub-Area 1818,2,CFIHOS-00000074
FL-001819,Sub-Area 1819,2,CFIHOS-00000074
FL-001820,Sub-Area 1820,2,CFIHOS-00000074
FL-001821,Sub-Area 1821,2,CFIHOS-00000074
FL-001822,Area 1822,1,CFIHOS-00000074
FL-001823,Area 1823,1,CFIHOS-00000074
FL-001824,Area 1824,1,CFIHOS-00000074
FL-001825,Area 1825,1,CFIHOS-00000074
FL-001826,Area 1826,1,CFIHOS-00000074
FL-001827,Area 1827,1,CFIHOS-00000074
FL-001828,Sub-Area 1828,2,CFIHOS-00000074
FL-001829,Sub-Area 1829,2,CFIHOS-00000074
FL-001830,Sub-Area 1830,2,CFIHOS-00000074
FL-001831,Sub-Area 1831,2,CFIHOS-00000074
FL-001832,Sub-Area 1832,2,CFIHOS-00000074
FL-001833,Sub-Area 1833,2,CFIHOS-00000074
FL-001834,Sub-Area 1834,2,CFIHOS-00000074
FL-001835,Sub-Area 1835,2,CFIHOS-00000074
FL-001836,Sub-Area 1836,2,CFIHOS-00000074
FL-001837,Sub-Area 1837,2,CFIHOS-00000074
FL-001838,Sub-Area 1838,2,CFIHOS-00000074
FL-001839,Sub-Area 1839,2,CFIHOS-00000074
FL-001840,Sub-Area 1840,2,CFIHOS-00000074
FL-001841,Sub-Area 1841,2,CFIHOS-00000074
FL-001842,Sub-Area 1842,2,CFIHOS-00000074
FL-001843,Sub-Area 1843,2,CFIHOS-00000074
FL-001844,Sub-Area 1844,2,CFIHOS-00000074
FL-001845,Area 1845,1,CFIHOS-00000074
FL-001846,Area 1846,1,CFIHOS-00000074
FL-001847,Area 1847,1,CFIHOS-00000074
FL-001848,Area 1848,1,CFIHOS-00000074
FL-001849,Area 1849,1,CFIHOS-00000074
FL-001850,Area 1850,1,CFIHOS-00000074
FL-001851,Sub-Area 1851,2,CFIHOS-00000074
FL-001852,Sub-Area 1852,2,CFIHOS-00000074
FL-001853,Sub-Area 1853,2,CFIHOS-00000074
FL-001854,Sub-Area 1854,2,CFIHOS-00000074
FL-001855,Sub-Area 1855,2,CFIHOS-00000074
FL-001856,Sub-Area 1856,2,CFIHOS-00000074
FL-001857,Sub-Area 1857,2,CFIHOS-00000074
FL-001858,Sub-Area 1858,2,CFIHOS-00000074
FL-001859,Sub-Area 1859,2,CFIHOS-00000074
FL-001860,Sub-Area 1860,2,CFIHOS-00000074
FL-001861,Sub-Area 1861,2,CFIHOS-00000074
FL-001862,Sub-Area 1862,2,CFIHOS-00000074
FL-001863,Sub-Area 1863,2,CFIHOS-00000074
FL-001864,Sub-Area 1864,2,CFIHOS-00000074
FL-001865,Sub-Area 1865,2,CFIHOS-00000074
FL-001866,Sub-Area 1866,2,CFIHOS-00000074
FL-001867,Sub-Area 1867,2,CFIHOS-00000074
FL-001868,Area 1868,1,CFIHOS-00000074
FL-001869,Area 1869,1,CFIHOS-00000074
FL-001870,Area 1870,1,CFIHOS-00000074
FL-001871,Area 1871,1,CFIHOS-00000074
FL-001872,Sub-Area 1872,2,CFIHOS-00000074
FL-001873,Sub-Area 1873,2,CFIHOS-00000074
FL-001874,Sub-Area 1874,2,CFIHOS-00000074
FL-001875,Sub-Area 1875,2,CFIHOS-00000074
FL-001876,Sub-Area 1876,2,CFIHOS-00000074
FL-001877,Sub-Area 1877,2,CFIHOS-00000074
FL-001878,Sub-Area 1878,2,CFIHOS-00000074
FL-001879,Sub-Area 1879,2,CFIHOS-00000074
FL-001880,Sub-Area 1880,2,CFIHOS-00000074
FL-001881,Sub-Area 1881,2,CFIHOS-00000074
FL-001882,Sub-Area 1882,2,CFIHOS-00000074
FL-001883,Sub-Area 1883,2,CFIHOS-00000074
FL-001884,Area 1884,1,CFIHOS-00000074
FL-001885,Area 1885,1,CFIHOS-00000074
FL-001886,Area 1886,1,CFIHOS-00000074
FL-001887,Area 1887,1,CFIHOS-00000074
FL-001888,Area 1888,1,CFIHOS-00000074
FL-001889,Sub-Area 1889,2,CFIHOS-00000074
FL-001890,Sub-Area 1890,2,CFIHOS-00000074
FL-001891,Sub-Area 1891,2,CFIHOS-00000074
FL-001892,Sub-Area 1892,2,CFIHOS-00000074
FL-001893,Sub-Area 1893,2,CFIHOS-00000074
FL-001894,Sub-Area 1894,2,CFIHOS-00000074
FL-001895,Sub-Area 1895,2,CFIHOS-00000074
FL-001896,Sub-Area 1896,2,CFIHOS-00000074
FL-001897,Sub-Area 1897,2,CFIHOS-00000074
FL-001898,Sub-Area 1898,2,CFIHOS-00000074
FL-001899,Sub-Area 1899,2,CFIHOS-00000074
FL-001900,Sub-Area 1900,2,CFIHOS-00000074
FL-001901,Sub-Area 1901,2,CFIHOS-00000074
FL-001902,Sub-Area 1902,2,CFIHOS-00000074
FL-001903,Sub-Area 1903,2,CFIHOS-00000074
FL-001904,Sub-Area 1904,2,CFIHOS-00000074
FL-001905,Sub-Area 1905,2,CFIHOS-00000074
FL-001906,Area 1906,1,CFIHOS-00000074
FL-001907,Area 1907,1,CFIHOS-00000074
FL-001908,Area 1908,1,CFIHOS-00000074
FL-001909,Area 1909,1,CFIHOS-00000074
FL-001910,Area 1910,1,CFIHOS-00000074
FL-001911,Area 1911,1,CFIHOS-00000074
FL-001912,Sub-Area 1912,2,CFIHOS-00000074
FL-001913,Sub-Area 1913,2,CFIHOS-00000074
FL-001914,Sub-Area 1914,2,CFIHOS-00000074
FL-001915,Sub-Area 1915,2,CFIHOS-00000074
FL-001916,Sub-Area 1916,2,CFIHOS-00000074
FL-001917,Sub-Area 1917,2,CFIHOS-00000074
FL-001918,Sub-Area 1918,2,CFIHOS-00000074
FL-001919,Sub-Area 1919,2,CFIHOS-00000074
FL-001920,Sub-Area 1920,2,CFIHOS-00000074
FL-001921,Sub-Area 1921,2,CFIHOS-00000074
FL-001922,Sub-Area 1922,2,CFIHOS-00000074
FL-001923,Sub-Area 1923,2,CFIHOS-00000074
FL-001924,Sub-Area 1924,2,CFIHOS-00000074
FL-001925,Sub-Area 1925,2,CFIHOS-00000074
FL-001926,Sub-Area 1926,2,CFIHOS-00000074
FL-001927,Sub-Area 1927,2,CFIHOS-00000074
FL-001928,Sub-Area 1928,2,CFIHOS-00000074
FL-001929,Sub-Area 1929,2,CFIHOS-00000074
FL-001930,Sub-Area 1930,2,CFIHOS-00000074
FL-001931,Sub-Area 1931,2,CFIHOS-00000074
FL-001932,Sub-Area 1932,2,CFIHOS-00000074
FL-001933,Sub-Area 1933,2,CFIHOS-00000074
